/*Equipos*/

INSERT INTO EQUIPO (ID_EQUIPO, NOM_EQUIPO, FECHA_FUNDACION, LOGO, COLOR)
VALUES (DEFAULT, 'Team Liquid', TO_DATE('15-09-2000', 'DD-MM-YYYY'),
       null, null);

INSERT INTO EQUIPO (ID_EQUIPO, NOM_EQUIPO, FECHA_FUNDACION, LOGO, COLOR)
VALUES (DEFAULT, 'Fnatic', TO_DATE('10-07-2004', 'DD-MM-YYYY'),
       null, null);

INSERT INTO EQUIPO (ID_EQUIPO, NOM_EQUIPO, FECHA_FUNDACION, LOGO, COLOR)
VALUES (DEFAULT, 'Evil Geniuses', TO_DATE('21-03-2005', 'DD-MM-YYYY'),
       null, null);

INSERT INTO EQUIPO (ID_EQUIPO, NOM_EQUIPO, FECHA_FUNDACION, LOGO, COLOR)
VALUES (DEFAULT, 'Cloud9', TO_DATE('30-08-2006', 'DD-MM-YYYY'),
       null, null);

INSERT INTO EQUIPO (ID_EQUIPO, NOM_EQUIPO, FECHA_FUNDACION, LOGO, COLOR)
VALUES (DEFAULT, 'G2 Esports', TO_DATE('12-05-2009', 'DD-MM-YYYY'),
       null, null);

INSERT INTO EQUIPO (ID_EQUIPO, NOM_EQUIPO, FECHA_FUNDACION, LOGO, COLOR)
VALUES (DEFAULT, 'T1', TO_DATE('17-11-2010', 'DD-MM-YYYY'),
       null, null);

INSERT INTO EQUIPO (ID_EQUIPO, NOM_EQUIPO, FECHA_FUNDACION, LOGO, COLOR)
VALUES (DEFAULT, 'FaZe Clan', TO_DATE('05-06-2010', 'DD-MM-YYYY'),
       null, null);

INSERT INTO EQUIPO (ID_EQUIPO, NOM_EQUIPO, FECHA_FUNDACION, LOGO, COLOR)
VALUES (DEFAULT, 'Team SoloMid (TSM)', TO_DATE('15-02-2011', 'DD-MM-YYYY'),
       null, null);

INSERT INTO EQUIPO (ID_EQUIPO, NOM_EQUIPO, FECHA_FUNDACION, LOGO, COLOR)
VALUES (DEFAULT, 'Natus Vincere (Na Vi)', TO_DATE('28-04-2012', 'DD-MM-YYYY'),
       null, null);

INSERT INTO EQUIPO (ID_EQUIPO, NOM_EQUIPO, FECHA_FUNDACION, LOGO, COLOR)
VALUES (DEFAULT, 'Astralis', TO_DATE('08-09-2013', 'DD-MM-YYYY'),
       null, null);

INSERT INTO EQUIPO (ID_EQUIPO, NOM_EQUIPO, FECHA_FUNDACION, LOGO, COLOR)
VALUES (DEFAULT, 'Team Vitality', TO_DATE('19-03-2014', 'DD-MM-YYYY'),
       null, null);

INSERT INTO EQUIPO (ID_EQUIPO, NOM_EQUIPO, FECHA_FUNDACION, LOGO, COLOR)
VALUES (DEFAULT, 'Team Envy', TO_DATE('27-10-2014', 'DD-MM-YYYY'),
       null, null);

INSERT INTO EQUIPO (ID_EQUIPO, NOM_EQUIPO, FECHA_FUNDACION, LOGO, COLOR)
VALUES (DEFAULT, 'Rogue', TO_DATE('14-06-2015', 'DD-MM-YYYY'),
       null, null);

INSERT INTO EQUIPO (ID_EQUIPO, NOM_EQUIPO, FECHA_FUNDACION, LOGO, COLOR)
VALUES (DEFAULT, 'Team Dignitas', TO_DATE('09-01-2016', 'DD-MM-YYYY'),
       null, null);

INSERT INTO EQUIPO (ID_EQUIPO, NOM_EQUIPO, FECHA_FUNDACION, LOGO, COLOR)
VALUES (DEFAULT, '100 Thieves', TO_DATE('22-08-2016', 'DD-MM-YYYY'),
       null, null);

INSERT INTO EQUIPO (ID_EQUIPO, NOM_EQUIPO, FECHA_FUNDACION, LOGO, COLOR)
VALUES (DEFAULT, 'Gen.G Esports', TO_DATE('03-04-2017', 'DD-MM-YYYY'),
       null, null);

INSERT INTO EQUIPO (ID_EQUIPO, NOM_EQUIPO, FECHA_FUNDACION, LOGO, COLOR)
VALUES (DEFAULT, 'Team Heretics', TO_DATE('29-11-2017', 'DD-MM-YYYY'),
       null, null);

INSERT INTO EQUIPO (ID_EQUIPO, NOM_EQUIPO, FECHA_FUNDACION, LOGO, COLOR)
VALUES (DEFAULT, 'MAD Lions', TO_DATE('17-05-2018', 'DD-MM-YYYY'),
       null, null);

INSERT INTO EQUIPO (ID_EQUIPO, NOM_EQUIPO, FECHA_FUNDACION, LOGO, COLOR)
VALUES (DEFAULT, 'Team Queso', TO_DATE('08-09-2018', 'DD-MM-YYYY'),
       null, null);

INSERT INTO EQUIPO (ID_EQUIPO, NOM_EQUIPO, FECHA_FUNDACION, LOGO, COLOR)
VALUES (DEFAULT, 'INTZ', TO_DATE('12-02-2019', 'DD-MM-YYYY'),
       null, null);

INSERT INTO EQUIPO (ID_EQUIPO, NOM_EQUIPO, FECHA_FUNDACION, LOGO, COLOR)
VALUES (DEFAULT, 'Team Liquid', TO_DATE('01-07-2019', 'DD-MM-YYYY'),
       null, null);

INSERT INTO EQUIPO (ID_EQUIPO, NOM_EQUIPO, FECHA_FUNDACION, LOGO, COLOR)
VALUES (DEFAULT, 'G2 Arctic', TO_DATE('19-03-2020', 'DD-MM-YYYY'),
       null, null);

INSERT INTO EQUIPO (ID_EQUIPO, NOM_EQUIPO, FECHA_FUNDACION, LOGO, COLOR)
VALUES (DEFAULT, 'Nigma', TO_DATE('14-08-2020', 'DD-MM-YYYY'),
       null, null);

INSERT INTO EQUIPO (ID_EQUIPO, NOM_EQUIPO, FECHA_FUNDACION, LOGO, COLOR)
VALUES (DEFAULT, 'FunPlus Phoenix', TO_DATE('27-01-2021', 'DD-MM-YYYY'),
       null, null);

INSERT INTO EQUIPO (ID_EQUIPO, NOM_EQUIPO, FECHA_FUNDACION, LOGO, COLOR)
VALUES (DEFAULT, 'Vodafone Giants', TO_DATE('10-06-2021', 'DD-MM-YYYY'),
       null, null);

INSERT INTO EQUIPO (ID_EQUIPO, NOM_EQUIPO, FECHA_FUNDACION, LOGO, COLOR)
VALUES (DEFAULT, 'Evil Geniuses', TO_DATE('03-09-2021', 'DD-MM-YYYY'),
       null, null);

INSERT INTO EQUIPO (ID_EQUIPO, NOM_EQUIPO, FECHA_FUNDACION, LOGO, COLOR)
VALUES (DEFAULT, 'Cloud9 Blue', TO_DATE('18-02-2022', 'DD-MM-YYYY'),
       null, null);

INSERT INTO EQUIPO (ID_EQUIPO, NOM_EQUIPO, FECHA_FUNDACION, LOGO, COLOR)
VALUES (DEFAULT, 'Team Secret', TO_DATE('06-05-2022', 'DD-MM-YYYY'),
       null, null);

INSERT INTO EQUIPO (ID_EQUIPO, NOM_EQUIPO, FECHA_FUNDACION, LOGO, COLOR)
VALUES (DEFAULT, 'Sentinels', TO_DATE('19-10-2022', 'DD-MM-YYYY'),
       null, null);

INSERT INTO EQUIPO (ID_EQUIPO, NOM_EQUIPO, FECHA_FUNDACION, LOGO, COLOR)
VALUES (DEFAULT, 'T1', TO_DATE('25-03-2023', 'DD-MM-YYYY'),
       null, null);


/* Equipo 1 */
INSERT INTO JUGADOR
(NOMBRE, NICKNAME, NACIONALIDAD, ROL, FECHA_NAC, SUELDO, ID_EQUIPO)
VALUES ('haileyann', 'Raptorella', 'Japón',
        'Lider', TO_DATE('20-08-1997', 'DD-MM-YYYY'), 3001.69, 1);
INSERT INTO JUGADOR
(NOMBRE, NICKNAME, NACIONALIDAD, ROL, FECHA_NAC, SUELDO, ID_EQUIPO)
VALUES ('kaelan', 'JDinooPvP', 'Reino Unido',
        'Jugador', TO_DATE('23-04-2006', 'DD-MM-YYYY'), 4335.61, 1);
INSERT INTO JUGADOR
(NOMBRE, NICKNAME, NACIONALIDAD, ROL, FECHA_NAC, SUELDO, ID_EQUIPO)
VALUES ('matalyn', 'Puppygamer02', 'Corea del Sur',
        'Jugador', TO_DATE('08-09-1993', 'DD-MM-YYYY'), 4928.08, 1);
INSERT INTO JUGADOR
(NOMBRE, NICKNAME, NACIONALIDAD, ROL, FECHA_NAC, SUELDO, ID_EQUIPO)
VALUES ('anyi', 'LunaEclipse135', 'Estados Unidos',
        'Jugador', TO_DATE('09-01-2001', 'DD-MM-YYYY'), 2903.51, 1);
INSERT INTO JUGADOR
(NOMBRE, NICKNAME, NACIONALIDAD, ROL, FECHA_NAC, SUELDO, ID_EQUIPO)
VALUES ('demarrion', 'Laziness_', 'Australia',
        'Jugador', TO_DATE('29-12-1990', 'DD-MM-YYYY'), 5975.62, 1);
INSERT INTO JUGADOR
(NOMBRE, NICKNAME, NACIONALIDAD, ROL, FECHA_NAC, SUELDO, ID_EQUIPO)
VALUES ('abril', 'PayHra', 'India',
        'Jugador', TO_DATE('07-08-1996', 'DD-MM-YYYY'), 4677.36, 1);

/* Equipo 2 */
INSERT INTO JUGADOR
(NOMBRE, NICKNAME, NACIONALIDAD, ROL, FECHA_NAC, SUELDO, ID_EQUIPO)
VALUES ('tristan', 'Froont', 'Rusia',
        'Lider', TO_DATE('10-10-1994', 'DD-MM-YYYY'), 6177.99, 2);
INSERT INTO JUGADOR
(NOMBRE, NICKNAME, NACIONALIDAD, ROL, FECHA_NAC, SUELDO, ID_EQUIPO)
VALUES ('gabrille', '_BlackWinter_', 'Argentina',
        'Jugador', TO_DATE('13-07-1994', 'DD-MM-YYYY'), 2345.42, 2);
INSERT INTO JUGADOR
(NOMBRE, NICKNAME, NACIONALIDAD, ROL, FECHA_NAC, SUELDO, ID_EQUIPO)
VALUES ('jevonte', 'Creepz630', 'Argentina',
        'Jugador', TO_DATE('09-07-1998', 'DD-MM-YYYY'), 4184.01, 2);
INSERT INTO JUGADOR
(NOMBRE, NICKNAME, NACIONALIDAD, ROL, FECHA_NAC, SUELDO, ID_EQUIPO)
VALUES ('shaheim', 'dman1324', 'Corea del Sur',
        'Jugador', TO_DATE('22-03-1996', 'DD-MM-YYYY'), 2062.05, 2);
INSERT INTO JUGADOR
(NOMBRE, NICKNAME, NACIONALIDAD, ROL, FECHA_NAC, SUELDO, ID_EQUIPO)
VALUES ('deeann', 'Jadco77', 'India',
        'Jugador', TO_DATE('12-02-1991', 'DD-MM-YYYY'), 5949.87, 2);
INSERT INTO JUGADOR
(NOMBRE, NICKNAME, NACIONALIDAD, ROL, FECHA_NAC, SUELDO, ID_EQUIPO)
VALUES ('quran', 'Glamorousreese', 'Rusia',
        'Jugador', TO_DATE('17-07-2005', 'DD-MM-YYYY'), 3075.35, 2);

/* Equipo 3 */
INSERT INTO JUGADOR
(NOMBRE, NICKNAME, NACIONALIDAD, ROL, FECHA_NAC, SUELDO, ID_EQUIPO)
VALUES ('asaf', 'KittyLover0310', 'Italia',
        'Lider', TO_DATE('06-05-1991', 'DD-MM-YYYY'), 6470.13, 3);
INSERT INTO JUGADOR
(NOMBRE, NICKNAME, NACIONALIDAD, ROL, FECHA_NAC, SUELDO, ID_EQUIPO)
VALUES ('kandance', 'CER1105', 'Argentina',
        'Jugador', TO_DATE('01-03-1997', 'DD-MM-YYYY'), 4712.04, 3);
INSERT INTO JUGADOR
(NOMBRE, NICKNAME, NACIONALIDAD, ROL, FECHA_NAC, SUELDO, ID_EQUIPO)
VALUES ('cannan', 'PetasLP', 'Japón',
        'Jugador', TO_DATE('25-12-2000', 'DD-MM-YYYY'), 3047.08, 3);
INSERT INTO JUGADOR
(NOMBRE, NICKNAME, NACIONALIDAD, ROL, FECHA_NAC, SUELDO, ID_EQUIPO)
VALUES ('denisa', 'AkinKose', 'Brasil',
        'Jugador', TO_DATE('14-05-1994', 'DD-MM-YYYY'), 2608.5, 3);
INSERT INTO JUGADOR
(NOMBRE, NICKNAME, NACIONALIDAD, ROL, FECHA_NAC, SUELDO, ID_EQUIPO)
VALUES ('monasia', 'CharlieROCKS188', 'Japón',
        'Jugador', TO_DATE('16-08-2005', 'DD-MM-YYYY'), 6373.74, 3);
INSERT INTO JUGADOR
(NOMBRE, NICKNAME, NACIONALIDAD, ROL, FECHA_NAC, SUELDO, ID_EQUIPO)
VALUES ('catalyna', 'ItsNickkk', 'India',
        'Jugador', TO_DATE('10-06-1992', 'DD-MM-YYYY'), 3820.39, 3);

/* Equipo 4 */
INSERT INTO JUGADOR
(NOMBRE, NICKNAME, NACIONALIDAD, ROL, FECHA_NAC, SUELDO, ID_EQUIPO)
VALUES ('melrose', 'Rinimus', 'España',
        'Lider', TO_DATE('08-03-1993', 'DD-MM-YYYY'), 2496.96, 4);
INSERT INTO JUGADOR
(NOMBRE, NICKNAME, NACIONALIDAD, ROL, FECHA_NAC, SUELDO, ID_EQUIPO)
VALUES ('janiesha', 'IkTemJOU', 'Alemania',
        'Jugador', TO_DATE('12-01-2002', 'DD-MM-YYYY'), 6381.23, 4);
INSERT INTO JUGADOR
(NOMBRE, NICKNAME, NACIONALIDAD, ROL, FECHA_NAC, SUELDO, ID_EQUIPO)
VALUES ('nika', 'Denurill', 'Brasil',
        'Jugador', TO_DATE('29-03-1992', 'DD-MM-YYYY'), 4562.72, 4);
INSERT INTO JUGADOR
(NOMBRE, NICKNAME, NACIONALIDAD, ROL, FECHA_NAC, SUELDO, ID_EQUIPO)
VALUES ('duron', 'captain_danny_1', 'India',
        'Jugador', TO_DATE('08-10-2000', 'DD-MM-YYYY'), 3568.69, 4);
INSERT INTO JUGADOR
(NOMBRE, NICKNAME, NACIONALIDAD, ROL, FECHA_NAC, SUELDO, ID_EQUIPO)
VALUES ('rozanna', 'Wykyd64', 'Japón',
        'Jugador', TO_DATE('20-11-1992', 'DD-MM-YYYY'), 2479.71, 4);
INSERT INTO JUGADOR
(NOMBRE, NICKNAME, NACIONALIDAD, ROL, FECHA_NAC, SUELDO, ID_EQUIPO)
VALUES ('desta', 'Legodood360', 'Estados Unidos',
        'Jugador', TO_DATE('28-05-2001', 'DD-MM-YYYY'), 2818.54, 4);

/* Equipo 5 */
INSERT INTO JUGADOR
(NOMBRE, NICKNAME, NACIONALIDAD, ROL, FECHA_NAC, SUELDO, ID_EQUIPO)
VALUES ('dayyan', 'PropellarPikachu', 'Rusia',
        'Lider', TO_DATE('23-07-1996', 'DD-MM-YYYY'), 3848.65, 5);
INSERT INTO JUGADOR
(NOMBRE, NICKNAME, NACIONALIDAD, ROL, FECHA_NAC, SUELDO, ID_EQUIPO)
VALUES ('galadriel', 'wobbie333', 'China',
        'Jugador', TO_DATE('16-12-2001', 'DD-MM-YYYY'), 5920.31, 5);
INSERT INTO JUGADOR
(NOMBRE, NICKNAME, NACIONALIDAD, ROL, FECHA_NAC, SUELDO, ID_EQUIPO)
VALUES ('keyshon', 'PhGamerPvP', 'Corea del Sur',
        'Jugador', TO_DATE('04-03-2005', 'DD-MM-YYYY'), 3322.21, 5);
INSERT INTO JUGADOR
(NOMBRE, NICKNAME, NACIONALIDAD, ROL, FECHA_NAC, SUELDO, ID_EQUIPO)
VALUES ('aanika', 'parsoale000', 'Reino Unido',
        'Jugador', TO_DATE('03-08-1999', 'DD-MM-YYYY'), 3557.63, 5);
INSERT INTO JUGADOR
(NOMBRE, NICKNAME, NACIONALIDAD, ROL, FECHA_NAC, SUELDO, ID_EQUIPO)
VALUES ('kawon', 'ninjacz', 'Francia',
        'Jugador', TO_DATE('05-06-1997', 'DD-MM-YYYY'), 6964.92, 5);
INSERT INTO JUGADOR
(NOMBRE, NICKNAME, NACIONALIDAD, ROL, FECHA_NAC, SUELDO, ID_EQUIPO)
VALUES ('shantai', 'OMFGEuan', 'Australia',
        'Jugador', TO_DATE('27-08-1991', 'DD-MM-YYYY'), 2860.14, 5);

/* Equipo 6 */
INSERT INTO JUGADOR
(NOMBRE, NICKNAME, NACIONALIDAD, ROL, FECHA_NAC, SUELDO, ID_EQUIPO)
VALUES ('garan', 'iEyei', 'España',
        'Lider', TO_DATE('16-08-1995', 'DD-MM-YYYY'), 5027.39, 6);
INSERT INTO JUGADOR
(NOMBRE, NICKNAME, NACIONALIDAD, ROL, FECHA_NAC, SUELDO, ID_EQUIPO)
VALUES ('tereka', 'Thm01', 'Brasil',
        'Jugador', TO_DATE('22-04-1990', 'DD-MM-YYYY'), 4468.61, 6);
INSERT INTO JUGADOR
(NOMBRE, NICKNAME, NACIONALIDAD, ROL, FECHA_NAC, SUELDO, ID_EQUIPO)
VALUES ('selia', 'louloupea', 'China',
        'Jugador', TO_DATE('10-12-2002', 'DD-MM-YYYY'), 6399.65, 6);
INSERT INTO JUGADOR
(NOMBRE, NICKNAME, NACIONALIDAD, ROL, FECHA_NAC, SUELDO, ID_EQUIPO)
VALUES ('omarion', '_Shadow_Assassin', 'Rusia',
        'Jugador', TO_DATE('16-11-1992', 'DD-MM-YYYY'), 6769.5, 6);
INSERT INTO JUGADOR
(NOMBRE, NICKNAME, NACIONALIDAD, ROL, FECHA_NAC, SUELDO, ID_EQUIPO)
VALUES ('aedon', 'fusion600', 'Argentina',
        'Jugador', TO_DATE('06-02-2001', 'DD-MM-YYYY'), 5741.14, 6);
INSERT INTO JUGADOR
(NOMBRE, NICKNAME, NACIONALIDAD, ROL, FECHA_NAC, SUELDO, ID_EQUIPO)
VALUES ('iszabella', '2turtle', 'Corea del Sur',
        'Jugador', TO_DATE('24-04-2006', 'DD-MM-YYYY'), 3001.6, 6);

/* Equipo 7 */
INSERT INTO JUGADOR
(NOMBRE, NICKNAME, NACIONALIDAD, ROL, FECHA_NAC, SUELDO, ID_EQUIPO)
VALUES ('eyden', 'meEesho0o', 'China',
        'Lider', TO_DATE('19-09-1989', 'DD-MM-YYYY'), 3241.71, 7);
INSERT INTO JUGADOR
(NOMBRE, NICKNAME, NACIONALIDAD, ROL, FECHA_NAC, SUELDO, ID_EQUIPO)
VALUES ('trenden', 'pipe4630', 'India',
        'Jugador', TO_DATE('11-09-1998', 'DD-MM-YYYY'), 3804.16, 7);
INSERT INTO JUGADOR
(NOMBRE, NICKNAME, NACIONALIDAD, ROL, FECHA_NAC, SUELDO, ID_EQUIPO)
VALUES ('preethi', 'catpyo', 'Canadá',
        'Jugador', TO_DATE('22-11-1994', 'DD-MM-YYYY'), 6946.53, 7);
INSERT INTO JUGADOR
(NOMBRE, NICKNAME, NACIONALIDAD, ROL, FECHA_NAC, SUELDO, ID_EQUIPO)
VALUES ('sanye', 'teapot723', 'India',
        'Jugador', TO_DATE('17-08-2001', 'DD-MM-YYYY'), 6260.34, 7);
INSERT INTO JUGADOR
(NOMBRE, NICKNAME, NACIONALIDAD, ROL, FECHA_NAC, SUELDO, ID_EQUIPO)
VALUES ('starlyn', 'Salmones', 'Reino Unido',
        'Jugador', TO_DATE('15-09-1990', 'DD-MM-YYYY'), 6356.0, 7);
INSERT INTO JUGADOR
(NOMBRE, NICKNAME, NACIONALIDAD, ROL, FECHA_NAC, SUELDO, ID_EQUIPO)
VALUES ('alixandria', 'ilackoriginality', 'Alemania',
        'Jugador', TO_DATE('18-02-1999', 'DD-MM-YYYY'), 2098.44, 7);

/* Equipo 8 */
INSERT INTO JUGADOR
(NOMBRE, NICKNAME, NACIONALIDAD, ROL, FECHA_NAC, SUELDO, ID_EQUIPO)
VALUES ('arnetta', 'OlliWalli', 'Reino Unido',
        'Lider', TO_DATE('11-08-2005', 'DD-MM-YYYY'), 4138.36, 8);
INSERT INTO JUGADOR
(NOMBRE, NICKNAME, NACIONALIDAD, ROL, FECHA_NAC, SUELDO, ID_EQUIPO)
VALUES ('cordae', 'frogboy16', 'Australia',
        'Jugador', TO_DATE('14-09-1994', 'DD-MM-YYYY'), 3637.26, 8);
INSERT INTO JUGADOR
(NOMBRE, NICKNAME, NACIONALIDAD, ROL, FECHA_NAC, SUELDO, ID_EQUIPO)
VALUES ('xavia', 'PenguinHook', 'Canadá',
        'Jugador', TO_DATE('08-03-1995', 'DD-MM-YYYY'), 6643.66, 8);
INSERT INTO JUGADOR
(NOMBRE, NICKNAME, NACIONALIDAD, ROL, FECHA_NAC, SUELDO, ID_EQUIPO)
VALUES ('shacoya', 'gary348', 'Alemania',
        'Jugador', TO_DATE('18-02-1996', 'DD-MM-YYYY'), 3387.3, 8);
INSERT INTO JUGADOR
(NOMBRE, NICKNAME, NACIONALIDAD, ROL, FECHA_NAC, SUELDO, ID_EQUIPO)
VALUES ('ezekial', 'Gibbseyy', 'México',
        'Jugador', TO_DATE('10-12-2001', 'DD-MM-YYYY'), 2571.92, 8);
INSERT INTO JUGADOR
(NOMBRE, NICKNAME, NACIONALIDAD, ROL, FECHA_NAC, SUELDO, ID_EQUIPO)
VALUES ('shone', 'Lil_G_34', 'Estados Unidos',
        'Jugador', TO_DATE('09-03-2000', 'DD-MM-YYYY'), 5665.05, 8);

/* Equipo 9 */
INSERT INTO JUGADOR
(NOMBRE, NICKNAME, NACIONALIDAD, ROL, FECHA_NAC, SUELDO, ID_EQUIPO)
VALUES ('karlye', 'KizzyKarl', 'México',
        'Lider', TO_DATE('02-06-1996', 'DD-MM-YYYY'), 3920.16, 9);
INSERT INTO JUGADOR
(NOMBRE, NICKNAME, NACIONALIDAD, ROL, FECHA_NAC, SUELDO, ID_EQUIPO)
VALUES ('hope', 'Takani', 'España',
        'Jugador', TO_DATE('15-11-1999', 'DD-MM-YYYY'), 2664.46, 9);
INSERT INTO JUGADOR
(NOMBRE, NICKNAME, NACIONALIDAD, ROL, FECHA_NAC, SUELDO, ID_EQUIPO)
VALUES ('yusuf', 'xX_toto1008_Xx', 'Reino Unido',
        'Jugador', TO_DATE('25-05-2003', 'DD-MM-YYYY'), 2785.66, 9);
INSERT INTO JUGADOR
(NOMBRE, NICKNAME, NACIONALIDAD, ROL, FECHA_NAC, SUELDO, ID_EQUIPO)
VALUES ('arland', 'jgav', 'Australia',
        'Jugador', TO_DATE('15-03-1995', 'DD-MM-YYYY'), 6731.89, 9);
INSERT INTO JUGADOR
(NOMBRE, NICKNAME, NACIONALIDAD, ROL, FECHA_NAC, SUELDO, ID_EQUIPO)
VALUES ('nikesha', 'Charlotte07be', 'Alemania',
        'Jugador', TO_DATE('19-03-1996', 'DD-MM-YYYY'), 5574.52, 9);
INSERT INTO JUGADOR
(NOMBRE, NICKNAME, NACIONALIDAD, ROL, FECHA_NAC, SUELDO, ID_EQUIPO)
VALUES ('alyssia', 'calebblackops1', 'España',
        'Jugador', TO_DATE('14-10-2000', 'DD-MM-YYYY'), 6249.61, 9);

/* Equipo 10 */
INSERT INTO JUGADOR
(NOMBRE, NICKNAME, NACIONALIDAD, ROL, FECHA_NAC, SUELDO, ID_EQUIPO)
VALUES ('danelle', 'countdownmax', 'Corea del Sur',
        'Lider', TO_DATE('10-06-2000', 'DD-MM-YYYY'), 6946.67, 10);
INSERT INTO JUGADOR
(NOMBRE, NICKNAME, NACIONALIDAD, ROL, FECHA_NAC, SUELDO, ID_EQUIPO)
VALUES ('marquerite', 'BootsGamer', 'Rusia',
        'Jugador', TO_DATE('04-01-2005', 'DD-MM-YYYY'), 2975.78, 10);
INSERT INTO JUGADOR
(NOMBRE, NICKNAME, NACIONALIDAD, ROL, FECHA_NAC, SUELDO, ID_EQUIPO)
VALUES ('randell', 'Shraken1337', 'India',
        'Jugador', TO_DATE('31-08-1992', 'DD-MM-YYYY'), 3824.2, 10);
INSERT INTO JUGADOR
(NOMBRE, NICKNAME, NACIONALIDAD, ROL, FECHA_NAC, SUELDO, ID_EQUIPO)
VALUES ('gretchen', 'JoonLee426', 'Reino Unido',
        'Jugador', TO_DATE('07-08-1997', 'DD-MM-YYYY'), 5543.27, 10);
INSERT INTO JUGADOR
(NOMBRE, NICKNAME, NACIONALIDAD, ROL, FECHA_NAC, SUELDO, ID_EQUIPO)
VALUES ('kealani', 'cia14', 'China',
        'Jugador', TO_DATE('30-04-1997', 'DD-MM-YYYY'), 5030.37, 10);
INSERT INTO JUGADOR
(NOMBRE, NICKNAME, NACIONALIDAD, ROL, FECHA_NAC, SUELDO, ID_EQUIPO)
VALUES ('presten', 'haze4dayz', 'Francia',
        'Jugador', TO_DATE('01-05-1990', 'DD-MM-YYYY'), 3892.04, 10);

/* Equipo 11 */
INSERT INTO JUGADOR
(NOMBRE, NICKNAME, NACIONALIDAD, ROL, FECHA_NAC, SUELDO, ID_EQUIPO)
VALUES ('bari', 'ImG3ENIUZ', 'Francia',
        'Lider', TO_DATE('03-08-2002', 'DD-MM-YYYY'), 6363.01, 11);
INSERT INTO JUGADOR
(NOMBRE, NICKNAME, NACIONALIDAD, ROL, FECHA_NAC, SUELDO, ID_EQUIPO)
VALUES ('rocket', 'MLG_Kid_Shawn', 'Canadá',
        'Jugador', TO_DATE('28-03-2006', 'DD-MM-YYYY'), 2809.32, 11);
INSERT INTO JUGADOR
(NOMBRE, NICKNAME, NACIONALIDAD, ROL, FECHA_NAC, SUELDO, ID_EQUIPO)
VALUES ('raine', 'de_dolfijn', 'España',
        'Jugador', TO_DATE('21-02-1991', 'DD-MM-YYYY'), 4758.62, 11);
INSERT INTO JUGADOR
(NOMBRE, NICKNAME, NACIONALIDAD, ROL, FECHA_NAC, SUELDO, ID_EQUIPO)
VALUES ('kerra', 'margaux2004', 'Francia',
        'Jugador', TO_DATE('20-08-1998', 'DD-MM-YYYY'), 4603.53, 11);
INSERT INTO JUGADOR
(NOMBRE, NICKNAME, NACIONALIDAD, ROL, FECHA_NAC, SUELDO, ID_EQUIPO)
VALUES ('aruna', 'LittleT03', 'Canadá',
        'Jugador', TO_DATE('19-09-1993', 'DD-MM-YYYY'), 5679.73, 11);
INSERT INTO JUGADOR
(NOMBRE, NICKNAME, NACIONALIDAD, ROL, FECHA_NAC, SUELDO, ID_EQUIPO)
VALUES ('raigen', 'Krisply', 'Reino Unido',
        'Jugador', TO_DATE('11-06-1997', 'DD-MM-YYYY'), 5928.14, 11);

/* Equipo 12 */
INSERT INTO JUGADOR
(NOMBRE, NICKNAME, NACIONALIDAD, ROL, FECHA_NAC, SUELDO, ID_EQUIPO)
VALUES ('aralyn', 'xNel8x', 'Argentina',
        'Lider', TO_DATE('18-01-2000', 'DD-MM-YYYY'), 2106.44, 12);
INSERT INTO JUGADOR
(NOMBRE, NICKNAME, NACIONALIDAD, ROL, FECHA_NAC, SUELDO, ID_EQUIPO)
VALUES ('lailana', 'ZeeRix_', 'México',
        'Jugador', TO_DATE('20-05-1989', 'DD-MM-YYYY'), 4555.94, 12);
INSERT INTO JUGADOR
(NOMBRE, NICKNAME, NACIONALIDAD, ROL, FECHA_NAC, SUELDO, ID_EQUIPO)
VALUES ('romulus', 'GoldenPig213', 'Alemania',
        'Jugador', TO_DATE('23-09-2002', 'DD-MM-YYYY'), 6446.26, 12);
INSERT INTO JUGADOR
(NOMBRE, NICKNAME, NACIONALIDAD, ROL, FECHA_NAC, SUELDO, ID_EQUIPO)
VALUES ('axtyn', 'simibubi', 'Estados Unidos',
        'Jugador', TO_DATE('15-11-1993', 'DD-MM-YYYY'), 6902.76, 12);
INSERT INTO JUGADOR
(NOMBRE, NICKNAME, NACIONALIDAD, ROL, FECHA_NAC, SUELDO, ID_EQUIPO)
VALUES ('true', 'NaughtyMermaid', 'Australia',
        'Jugador', TO_DATE('13-06-1992', 'DD-MM-YYYY'), 6967.57, 12);
INSERT INTO JUGADOR
(NOMBRE, NICKNAME, NACIONALIDAD, ROL, FECHA_NAC, SUELDO, ID_EQUIPO)
VALUES ('dezmon', 'ITasteOrange', 'España',
        'Jugador', TO_DATE('21-02-2003', 'DD-MM-YYYY'), 4564.49, 12);

/* Equipo 13 */
INSERT INTO JUGADOR
(NOMBRE, NICKNAME, NACIONALIDAD, ROL, FECHA_NAC, SUELDO, ID_EQUIPO)
VALUES ('jazion', 'I_crusa_I', 'Argentina',
        'Lider', TO_DATE('02-08-1996', 'DD-MM-YYYY'), 5454.97, 13);
INSERT INTO JUGADOR
(NOMBRE, NICKNAME, NACIONALIDAD, ROL, FECHA_NAC, SUELDO, ID_EQUIPO)
VALUES ('gloriann', 'hotdogonfire', 'Reino Unido',
        'Jugador', TO_DATE('09-09-1995', 'DD-MM-YYYY'), 6522.49, 13);
INSERT INTO JUGADOR
(NOMBRE, NICKNAME, NACIONALIDAD, ROL, FECHA_NAC, SUELDO, ID_EQUIPO)
VALUES ('josselyn', 'MikaPikaPvP_', 'México',
        'Jugador', TO_DATE('16-08-2005', 'DD-MM-YYYY'), 5163.45, 13);
INSERT INTO JUGADOR
(NOMBRE, NICKNAME, NACIONALIDAD, ROL, FECHA_NAC, SUELDO, ID_EQUIPO)
VALUES ('arleta', 'KievTheWolf', 'China',
        'Jugador', TO_DATE('06-04-2004', 'DD-MM-YYYY'), 6511.03, 13);
INSERT INTO JUGADOR
(NOMBRE, NICKNAME, NACIONALIDAD, ROL, FECHA_NAC, SUELDO, ID_EQUIPO)
VALUES ('dorian', 'Luckydog07', 'Rusia',
        'Jugador', TO_DATE('10-03-2002', 'DD-MM-YYYY'), 5078.79, 13);
INSERT INTO JUGADOR
(NOMBRE, NICKNAME, NACIONALIDAD, ROL, FECHA_NAC, SUELDO, ID_EQUIPO)
VALUES ('reana', 'DanDeepDown', 'Canadá',
        'Jugador', TO_DATE('23-06-1992', 'DD-MM-YYYY'), 2933.63, 13);

/* Equipo 14 */
INSERT INTO JUGADOR
(NOMBRE, NICKNAME, NACIONALIDAD, ROL, FECHA_NAC, SUELDO, ID_EQUIPO)
VALUES ('briseyda', 'iiiiAbbyiiii', 'Japón',
        'Lider', TO_DATE('30-05-2002', 'DD-MM-YYYY'), 3066.39, 14);
INSERT INTO JUGADOR
(NOMBRE, NICKNAME, NACIONALIDAD, ROL, FECHA_NAC, SUELDO, ID_EQUIPO)
VALUES ('donnalee', 'Kardog', 'Alemania',
        'Jugador', TO_DATE('16-03-2000', 'DD-MM-YYYY'), 5159.93, 14);
INSERT INTO JUGADOR
(NOMBRE, NICKNAME, NACIONALIDAD, ROL, FECHA_NAC, SUELDO, ID_EQUIPO)
VALUES ('letroy', 'Rey_0918', 'Corea del Sur',
        'Jugador', TO_DATE('06-03-1992', 'DD-MM-YYYY'), 6029.62, 14);
INSERT INTO JUGADOR
(NOMBRE, NICKNAME, NACIONALIDAD, ROL, FECHA_NAC, SUELDO, ID_EQUIPO)
VALUES ('shakeia', 'aarias11', 'México',
        'Jugador', TO_DATE('02-08-2004', 'DD-MM-YYYY'), 5498.62, 14);
INSERT INTO JUGADOR
(NOMBRE, NICKNAME, NACIONALIDAD, ROL, FECHA_NAC, SUELDO, ID_EQUIPO)
VALUES ('dylon', 'BATKool', 'Corea del Sur',
        'Jugador', TO_DATE('21-10-2000', 'DD-MM-YYYY'), 3787.44, 14);
INSERT INTO JUGADOR
(NOMBRE, NICKNAME, NACIONALIDAD, ROL, FECHA_NAC, SUELDO, ID_EQUIPO)
VALUES ('camillia', 'Creative__Chaos', 'Corea del Sur',
        'Jugador', TO_DATE('03-01-1995', 'DD-MM-YYYY'), 3368.77, 14);

/* Equipo 15 */
INSERT INTO JUGADOR
(NOMBRE, NICKNAME, NACIONALIDAD, ROL, FECHA_NAC, SUELDO, ID_EQUIPO)
VALUES ('labria', 'DevinPhillips123', 'Rusia',
        'Lider', TO_DATE('01-08-1995', 'DD-MM-YYYY'), 4489.96, 15);
INSERT INTO JUGADOR
(NOMBRE, NICKNAME, NACIONALIDAD, ROL, FECHA_NAC, SUELDO, ID_EQUIPO)
VALUES ('canon', 'Epic_Izzy332', 'México',
        'Jugador', TO_DATE('24-10-1994', 'DD-MM-YYYY'), 6978.13, 15);
INSERT INTO JUGADOR
(NOMBRE, NICKNAME, NACIONALIDAD, ROL, FECHA_NAC, SUELDO, ID_EQUIPO)
VALUES ('donnis', 'The_Quacka', 'Estados Unidos',
        'Jugador', TO_DATE('30-04-2001', 'DD-MM-YYYY'), 4009.87, 15);
INSERT INTO JUGADOR
(NOMBRE, NICKNAME, NACIONALIDAD, ROL, FECHA_NAC, SUELDO, ID_EQUIPO)
VALUES ('zuly', 'borbox4', 'México',
        'Jugador', TO_DATE('13-04-1995', 'DD-MM-YYYY'), 6994.98, 15);
INSERT INTO JUGADOR
(NOMBRE, NICKNAME, NACIONALIDAD, ROL, FECHA_NAC, SUELDO, ID_EQUIPO)
VALUES ('edeline', 'Cric8', 'Japón',
        'Jugador', TO_DATE('28-02-2002', 'DD-MM-YYYY'), 5538.81, 15);
INSERT INTO JUGADOR
(NOMBRE, NICKNAME, NACIONALIDAD, ROL, FECHA_NAC, SUELDO, ID_EQUIPO)
VALUES ('arelly', 'XX_DC_Craft_XX', 'Brasil',
        'Jugador', TO_DATE('18-08-1991', 'DD-MM-YYYY'), 2900.4, 15);

/* Equipo 16 */
INSERT INTO JUGADOR
(NOMBRE, NICKNAME, NACIONALIDAD, ROL, FECHA_NAC, SUELDO, ID_EQUIPO)
VALUES ('anysa', 'SaltyGymer', 'Estados Unidos',
        'Lider', TO_DATE('28-03-2005', 'DD-MM-YYYY'), 2708.02, 16);
INSERT INTO JUGADOR
(NOMBRE, NICKNAME, NACIONALIDAD, ROL, FECHA_NAC, SUELDO, ID_EQUIPO)
VALUES ('jenniferann', 'coolmyles105', 'China',
        'Jugador', TO_DATE('01-09-1999', 'DD-MM-YYYY'), 3851.41, 16);
INSERT INTO JUGADOR
(NOMBRE, NICKNAME, NACIONALIDAD, ROL, FECHA_NAC, SUELDO, ID_EQUIPO)
VALUES ('emeterio', 'RoofCannonedNZL', 'Canadá',
        'Jugador', TO_DATE('25-04-2002', 'DD-MM-YYYY'), 2080.77, 16);
INSERT INTO JUGADOR
(NOMBRE, NICKNAME, NACIONALIDAD, ROL, FECHA_NAC, SUELDO, ID_EQUIPO)
VALUES ('xylia', 'Wolf1726', 'Estados Unidos',
        'Jugador', TO_DATE('04-11-2004', 'DD-MM-YYYY'), 6887.33, 16);
INSERT INTO JUGADOR
(NOMBRE, NICKNAME, NACIONALIDAD, ROL, FECHA_NAC, SUELDO, ID_EQUIPO)
VALUES ('ahmaya', 'Mintiie', 'México',
        'Jugador', TO_DATE('11-05-2001', 'DD-MM-YYYY'), 3693.15, 16);
INSERT INTO JUGADOR
(NOMBRE, NICKNAME, NACIONALIDAD, ROL, FECHA_NAC, SUELDO, ID_EQUIPO)
VALUES ('arynn', 'NRedemption', 'Australia',
        'Jugador', TO_DATE('29-02-1992', 'DD-MM-YYYY'), 6847.49, 16);

/* Equipo 17 */
INSERT INTO JUGADOR
(NOMBRE, NICKNAME, NACIONALIDAD, ROL, FECHA_NAC, SUELDO, ID_EQUIPO)
VALUES ('nehamiah', 'SteelHandle', 'México',
        'Lider', TO_DATE('26-06-1995', 'DD-MM-YYYY'), 2284.32, 17);
INSERT INTO JUGADOR
(NOMBRE, NICKNAME, NACIONALIDAD, ROL, FECHA_NAC, SUELDO, ID_EQUIPO)
VALUES ('chyrl', 'NorthPvP', 'Italia',
        'Jugador', TO_DATE('04-02-2006', 'DD-MM-YYYY'), 4367.59, 17);
INSERT INTO JUGADOR
(NOMBRE, NICKNAME, NACIONALIDAD, ROL, FECHA_NAC, SUELDO, ID_EQUIPO)
VALUES ('shelvin', 'Khris03', 'España',
        'Jugador', TO_DATE('21-03-2004', 'DD-MM-YYYY'), 5872.68, 17);
INSERT INTO JUGADOR
(NOMBRE, NICKNAME, NACIONALIDAD, ROL, FECHA_NAC, SUELDO, ID_EQUIPO)
VALUES ('lilybeth', 'PeekoNickMan', 'Brasil',
        'Jugador', TO_DATE('05-08-2001', 'DD-MM-YYYY'), 3723.17, 17);
INSERT INTO JUGADOR
(NOMBRE, NICKNAME, NACIONALIDAD, ROL, FECHA_NAC, SUELDO, ID_EQUIPO)
VALUES ('kourtlynn', 'JitterGamez', 'India',
        'Jugador', TO_DATE('30-06-2004', 'DD-MM-YYYY'), 4524.86, 17);
INSERT INTO JUGADOR
(NOMBRE, NICKNAME, NACIONALIDAD, ROL, FECHA_NAC, SUELDO, ID_EQUIPO)
VALUES ('ameliana', 'Antokio7', 'Japón',
        'Jugador', TO_DATE('15-01-1991', 'DD-MM-YYYY'), 2500.62, 17);

/* Equipo 18 */
INSERT INTO JUGADOR
(NOMBRE, NICKNAME, NACIONALIDAD, ROL, FECHA_NAC, SUELDO, ID_EQUIPO)
VALUES ('iman', 'Legendary_AuraYT', 'Corea del Sur',
        'Lider', TO_DATE('24-03-2005', 'DD-MM-YYYY'), 6760.23, 18);
INSERT INTO JUGADOR
(NOMBRE, NICKNAME, NACIONALIDAD, ROL, FECHA_NAC, SUELDO, ID_EQUIPO)
VALUES ('yehuda', 'TacticalMuffin01', 'México',
        'Jugador', TO_DATE('29-08-1994', 'DD-MM-YYYY'), 6680.92, 18);
INSERT INTO JUGADOR
(NOMBRE, NICKNAME, NACIONALIDAD, ROL, FECHA_NAC, SUELDO, ID_EQUIPO)
VALUES ('azusena', 'Favortism', 'Alemania',
        'Jugador', TO_DATE('21-10-1994', 'DD-MM-YYYY'), 3571.94, 18);
INSERT INTO JUGADOR
(NOMBRE, NICKNAME, NACIONALIDAD, ROL, FECHA_NAC, SUELDO, ID_EQUIPO)
VALUES ('ainslee', 'MagicalAxeWizard', 'Argentina',
        'Jugador', TO_DATE('05-05-1995', 'DD-MM-YYYY'), 6365.53, 18);
INSERT INTO JUGADOR
(NOMBRE, NICKNAME, NACIONALIDAD, ROL, FECHA_NAC, SUELDO, ID_EQUIPO)
VALUES ('kaleem', 'CRC2007', 'Italia',
        'Jugador', TO_DATE('08-04-1997', 'DD-MM-YYYY'), 4282.78, 18);
INSERT INTO JUGADOR
(NOMBRE, NICKNAME, NACIONALIDAD, ROL, FECHA_NAC, SUELDO, ID_EQUIPO)
VALUES ('kelton', 'Spud_Films', 'Italia',
        'Jugador', TO_DATE('22-06-1998', 'DD-MM-YYYY'), 6264.0, 18);

/* Equipo 19 */
INSERT INTO JUGADOR
(NOMBRE, NICKNAME, NACIONALIDAD, ROL, FECHA_NAC, SUELDO, ID_EQUIPO)
VALUES ('shante', 'Xxpizza_plasmaxX', 'Alemania',
        'Lider', TO_DATE('08-09-2004', 'DD-MM-YYYY'), 5419.44, 19);
INSERT INTO JUGADOR
(NOMBRE, NICKNAME, NACIONALIDAD, ROL, FECHA_NAC, SUELDO, ID_EQUIPO)
VALUES ('wilberto', 'Gorila_Gamer', 'Corea del Sur',
        'Jugador', TO_DATE('23-09-2005', 'DD-MM-YYYY'), 3473.83, 19);
INSERT INTO JUGADOR
(NOMBRE, NICKNAME, NACIONALIDAD, ROL, FECHA_NAC, SUELDO, ID_EQUIPO)
VALUES ('lottie', 'Brianna0128', 'Italia',
        'Jugador', TO_DATE('04-06-1989', 'DD-MM-YYYY'), 5470.67, 19);
INSERT INTO JUGADOR
(NOMBRE, NICKNAME, NACIONALIDAD, ROL, FECHA_NAC, SUELDO, ID_EQUIPO)
VALUES ('choya', 'duke1294', 'Alemania',
        'Jugador', TO_DATE('16-12-1990', 'DD-MM-YYYY'), 3868.76, 19);
INSERT INTO JUGADOR
(NOMBRE, NICKNAME, NACIONALIDAD, ROL, FECHA_NAC, SUELDO, ID_EQUIPO)
VALUES ('levester', 'YaZeeDo8', 'Corea del Sur',
        'Jugador', TO_DATE('24-06-1991', 'DD-MM-YYYY'), 5838.89, 19);
INSERT INTO JUGADOR
(NOMBRE, NICKNAME, NACIONALIDAD, ROL, FECHA_NAC, SUELDO, ID_EQUIPO)
VALUES ('mickey', 'ITheFluffyPuppyI', 'Argentina',
        'Jugador', TO_DATE('13-03-1997', 'DD-MM-YYYY'), 6116.03, 19);

/* Equipo 20 */
INSERT INTO JUGADOR
(NOMBRE, NICKNAME, NACIONALIDAD, ROL, FECHA_NAC, SUELDO, ID_EQUIPO)
VALUES ('koki', 'MidniteSCARE', 'Italia',
        'Lider', TO_DATE('14-04-2004', 'DD-MM-YYYY'), 5156.31, 20);
INSERT INTO JUGADOR
(NOMBRE, NICKNAME, NACIONALIDAD, ROL, FECHA_NAC, SUELDO, ID_EQUIPO)
VALUES ('taylah', 'superfun136366', 'Argentina',
        'Jugador', TO_DATE('23-05-2003', 'DD-MM-YYYY'), 5915.79, 20);
INSERT INTO JUGADOR
(NOMBRE, NICKNAME, NACIONALIDAD, ROL, FECHA_NAC, SUELDO, ID_EQUIPO)
VALUES ('pachia', 'Mandrakk', 'Reino Unido',
        'Jugador', TO_DATE('11-07-2005', 'DD-MM-YYYY'), 5458.56, 20);
INSERT INTO JUGADOR
(NOMBRE, NICKNAME, NACIONALIDAD, ROL, FECHA_NAC, SUELDO, ID_EQUIPO)
VALUES ('niharika', 'Dacraft63', 'Reino Unido',
        'Jugador', TO_DATE('30-05-2003', 'DD-MM-YYYY'), 6087.77, 20);
INSERT INTO JUGADOR
(NOMBRE, NICKNAME, NACIONALIDAD, ROL, FECHA_NAC, SUELDO, ID_EQUIPO)
VALUES ('zelda', 'EpicMonkeyOfCool', 'Japón',
        'Jugador', TO_DATE('26-10-2000', 'DD-MM-YYYY'), 4591.77, 20);
INSERT INTO JUGADOR
(NOMBRE, NICKNAME, NACIONALIDAD, ROL, FECHA_NAC, SUELDO, ID_EQUIPO)
VALUES ('chistopher', 'marlo8826', 'Rusia',
        'Jugador', TO_DATE('25-12-1999', 'DD-MM-YYYY'), 5194.43, 20);

/* Equipo 21 */
INSERT INTO JUGADOR
(NOMBRE, NICKNAME, NACIONALIDAD, ROL, FECHA_NAC, SUELDO, ID_EQUIPO)
VALUES ('mari', 'penguinmarc', 'India',
        'Lider', TO_DATE('18-01-1992', 'DD-MM-YYYY'), 3041.87, 21);
INSERT INTO JUGADOR
(NOMBRE, NICKNAME, NACIONALIDAD, ROL, FECHA_NAC, SUELDO, ID_EQUIPO)
VALUES ('janika', 'Unlucky_Gamer', 'Francia',
        'Jugador', TO_DATE('22-03-2003', 'DD-MM-YYYY'), 6598.14, 21);
INSERT INTO JUGADOR
(NOMBRE, NICKNAME, NACIONALIDAD, ROL, FECHA_NAC, SUELDO, ID_EQUIPO)
VALUES ('jacquie', 'lauchente', 'Francia',
        'Jugador', TO_DATE('25-11-1995', 'DD-MM-YYYY'), 6040.18, 21);
INSERT INTO JUGADOR
(NOMBRE, NICKNAME, NACIONALIDAD, ROL, FECHA_NAC, SUELDO, ID_EQUIPO)
VALUES ('arisa', 'Wombat01', 'Rusia',
        'Jugador', TO_DATE('17-01-2002', 'DD-MM-YYYY'), 3108.45, 21);
INSERT INTO JUGADOR
(NOMBRE, NICKNAME, NACIONALIDAD, ROL, FECHA_NAC, SUELDO, ID_EQUIPO)
VALUES ('malette', 'Wakyu', 'Rusia',
        'Jugador', TO_DATE('20-03-2006', 'DD-MM-YYYY'), 6666.94, 21);
INSERT INTO JUGADOR
(NOMBRE, NICKNAME, NACIONALIDAD, ROL, FECHA_NAC, SUELDO, ID_EQUIPO)
VALUES ('issac', 'hooby1212', 'Estados Unidos',
        'Jugador', TO_DATE('16-02-1992', 'DD-MM-YYYY'), 5929.24, 21);

/* Equipo 22 */
INSERT INTO JUGADOR
(NOMBRE, NICKNAME, NACIONALIDAD, ROL, FECHA_NAC, SUELDO, ID_EQUIPO)
VALUES ('annsleigh', 'ButterNuggets777', 'Argentina',
        'Lider', TO_DATE('30-11-1992', 'DD-MM-YYYY'), 2200.99, 22);
INSERT INTO JUGADOR
(NOMBRE, NICKNAME, NACIONALIDAD, ROL, FECHA_NAC, SUELDO, ID_EQUIPO)
VALUES ('shere', 'TombStoneRage', 'Alemania',
        'Jugador', TO_DATE('10-11-2004', 'DD-MM-YYYY'), 6088.77, 22);
INSERT INTO JUGADOR
(NOMBRE, NICKNAME, NACIONALIDAD, ROL, FECHA_NAC, SUELDO, ID_EQUIPO)
VALUES ('milinda', 'LegoBro', 'Argentina',
        'Jugador', TO_DATE('18-10-1991', 'DD-MM-YYYY'), 4821.22, 22);
INSERT INTO JUGADOR
(NOMBRE, NICKNAME, NACIONALIDAD, ROL, FECHA_NAC, SUELDO, ID_EQUIPO)
VALUES ('tammye', 'Quinto7489', 'Estados Unidos',
        'Jugador', TO_DATE('29-07-1992', 'DD-MM-YYYY'), 4052.21, 22);
INSERT INTO JUGADOR
(NOMBRE, NICKNAME, NACIONALIDAD, ROL, FECHA_NAC, SUELDO, ID_EQUIPO)
VALUES ('winthrop', 'Arygyr', 'Australia',
        'Jugador', TO_DATE('30-05-2001', 'DD-MM-YYYY'), 6873.21, 22);
INSERT INTO JUGADOR
(NOMBRE, NICKNAME, NACIONALIDAD, ROL, FECHA_NAC, SUELDO, ID_EQUIPO)
VALUES ('adriel', 'Lily_', 'Alemania',
        'Jugador', TO_DATE('02-05-1995', 'DD-MM-YYYY'), 6083.9, 22);

/* Equipo 23 */
INSERT INTO JUGADOR
(NOMBRE, NICKNAME, NACIONALIDAD, ROL, FECHA_NAC, SUELDO, ID_EQUIPO)
VALUES ('jlen', 'digitalPrat', 'México',
        'Lider', TO_DATE('19-08-2003', 'DD-MM-YYYY'), 4985.56, 23);
INSERT INTO JUGADOR
(NOMBRE, NICKNAME, NACIONALIDAD, ROL, FECHA_NAC, SUELDO, ID_EQUIPO)
VALUES ('garold', 'LaPatatePro', 'India',
        'Jugador', TO_DATE('08-02-1994', 'DD-MM-YYYY'), 6040.81, 23);
INSERT INTO JUGADOR
(NOMBRE, NICKNAME, NACIONALIDAD, ROL, FECHA_NAC, SUELDO, ID_EQUIPO)
VALUES ('menna', 'Oskar06', 'México',
        'Jugador', TO_DATE('08-11-1995', 'DD-MM-YYYY'), 2215.83, 23);
INSERT INTO JUGADOR
(NOMBRE, NICKNAME, NACIONALIDAD, ROL, FECHA_NAC, SUELDO, ID_EQUIPO)
VALUES ('akira', 'Atomic_Squirrel', 'Brasil',
        'Jugador', TO_DATE('28-06-2003', 'DD-MM-YYYY'), 3871.46, 23);
INSERT INTO JUGADOR
(NOMBRE, NICKNAME, NACIONALIDAD, ROL, FECHA_NAC, SUELDO, ID_EQUIPO)
VALUES ('evanny', 'firewis133man', 'Australia',
        'Jugador', TO_DATE('07-05-1996', 'DD-MM-YYYY'), 3250.51, 23);
INSERT INTO JUGADOR
(NOMBRE, NICKNAME, NACIONALIDAD, ROL, FECHA_NAC, SUELDO, ID_EQUIPO)
VALUES ('maddilynn', 'With3rgod', 'Italia',
        'Jugador', TO_DATE('18-02-2000', 'DD-MM-YYYY'), 5727.64, 23);

/* Equipo 24 */
INSERT INTO JUGADOR
(NOMBRE, NICKNAME, NACIONALIDAD, ROL, FECHA_NAC, SUELDO, ID_EQUIPO)
VALUES ('cayle', 'Mariomg_23', 'Japón',
        'Lider', TO_DATE('28-03-2003', 'DD-MM-YYYY'), 6202.7, 24);
INSERT INTO JUGADOR
(NOMBRE, NICKNAME, NACIONALIDAD, ROL, FECHA_NAC, SUELDO, ID_EQUIPO)
VALUES ('malanie', 'CupcakeKing1', 'Argentina',
        'Jugador', TO_DATE('23-06-1994', 'DD-MM-YYYY'), 3920.67, 24);
INSERT INTO JUGADOR
(NOMBRE, NICKNAME, NACIONALIDAD, ROL, FECHA_NAC, SUELDO, ID_EQUIPO)
VALUES ('axxel', 'TapferHerz', 'Estados Unidos',
        'Jugador', TO_DATE('16-03-1993', 'DD-MM-YYYY'), 4686.72, 24);
INSERT INTO JUGADOR
(NOMBRE, NICKNAME, NACIONALIDAD, ROL, FECHA_NAC, SUELDO, ID_EQUIPO)
VALUES ('tanicia', 'pulby', 'Corea del Sur',
        'Jugador', TO_DATE('22-10-1992', 'DD-MM-YYYY'), 3645.06, 24);
INSERT INTO JUGADOR
(NOMBRE, NICKNAME, NACIONALIDAD, ROL, FECHA_NAC, SUELDO, ID_EQUIPO)
VALUES ('roxy', 'gereon_1999', 'Francia',
        'Jugador', TO_DATE('23-04-2006', 'DD-MM-YYYY'), 4063.5, 24);
INSERT INTO JUGADOR
(NOMBRE, NICKNAME, NACIONALIDAD, ROL, FECHA_NAC, SUELDO, ID_EQUIPO)
VALUES ('laithen', 'GoldenPig_LP', 'México',
        'Jugador', TO_DATE('28-06-2003', 'DD-MM-YYYY'), 5888.96, 24);

/* Equipo 25 */
INSERT INTO JUGADOR
(NOMBRE, NICKNAME, NACIONALIDAD, ROL, FECHA_NAC, SUELDO, ID_EQUIPO)
VALUES ('annaliz', 'AngryChicken82', 'Argentina',
        'Lider', TO_DATE('11-02-2005', 'DD-MM-YYYY'), 5291.91, 25);
INSERT INTO JUGADOR
(NOMBRE, NICKNAME, NACIONALIDAD, ROL, FECHA_NAC, SUELDO, ID_EQUIPO)
VALUES ('rance', 'MrBboy46', 'Italia',
        'Jugador', TO_DATE('14-09-2002', 'DD-MM-YYYY'), 4074.95, 25);
INSERT INTO JUGADOR
(NOMBRE, NICKNAME, NACIONALIDAD, ROL, FECHA_NAC, SUELDO, ID_EQUIPO)
VALUES ('zayaan', 'Nihewe', 'Argentina',
        'Jugador', TO_DATE('13-04-2002', 'DD-MM-YYYY'), 4164.28, 25);
INSERT INTO JUGADOR
(NOMBRE, NICKNAME, NACIONALIDAD, ROL, FECHA_NAC, SUELDO, ID_EQUIPO)
VALUES ('diamond', 'florw244', 'Argentina',
        'Jugador', TO_DATE('05-04-2001', 'DD-MM-YYYY'), 4306.78, 25);
INSERT INTO JUGADOR
(NOMBRE, NICKNAME, NACIONALIDAD, ROL, FECHA_NAC, SUELDO, ID_EQUIPO)
VALUES ('emonnie', 'ningspeed', 'Canadá',
        'Jugador', TO_DATE('29-03-1990', 'DD-MM-YYYY'), 5120.49, 25);
INSERT INTO JUGADOR
(NOMBRE, NICKNAME, NACIONALIDAD, ROL, FECHA_NAC, SUELDO, ID_EQUIPO)
VALUES ('claretta', 'edublood9', 'Canadá',
        'Jugador', TO_DATE('26-07-1996', 'DD-MM-YYYY'), 5914.51, 25);

/* Equipo 26 */
INSERT INTO JUGADOR
(NOMBRE, NICKNAME, NACIONALIDAD, ROL, FECHA_NAC, SUELDO, ID_EQUIPO)
VALUES ('bohden', 'F4zik', 'España',
        'Lider', TO_DATE('21-12-2000', 'DD-MM-YYYY'), 4481.23, 26);
INSERT INTO JUGADOR
(NOMBRE, NICKNAME, NACIONALIDAD, ROL, FECHA_NAC, SUELDO, ID_EQUIPO)
VALUES ('izaan', 'Zeracron', 'España',
        'Jugador', TO_DATE('15-05-1993', 'DD-MM-YYYY'), 5726.94, 26);
INSERT INTO JUGADOR
(NOMBRE, NICKNAME, NACIONALIDAD, ROL, FECHA_NAC, SUELDO, ID_EQUIPO)
VALUES ('arin', 'PurpleSalamander', 'China',
        'Jugador', TO_DATE('26-07-1993', 'DD-MM-YYYY'), 3387.02, 26);
INSERT INTO JUGADOR
(NOMBRE, NICKNAME, NACIONALIDAD, ROL, FECHA_NAC, SUELDO, ID_EQUIPO)
VALUES ('tensley', 'GTP_iBowing', 'Corea del Sur',
        'Jugador', TO_DATE('05-09-1992', 'DD-MM-YYYY'), 3539.27, 26);
INSERT INTO JUGADOR
(NOMBRE, NICKNAME, NACIONALIDAD, ROL, FECHA_NAC, SUELDO, ID_EQUIPO)
VALUES ('sharnika', 'MCNZCREEPER', 'Italia',
        'Jugador', TO_DATE('04-07-2001', 'DD-MM-YYYY'), 3736.97, 26);
INSERT INTO JUGADOR
(NOMBRE, NICKNAME, NACIONALIDAD, ROL, FECHA_NAC, SUELDO, ID_EQUIPO)
VALUES ('sharman', 'kngjnns', 'Reino Unido',
        'Jugador', TO_DATE('16-07-1989', 'DD-MM-YYYY'), 2652.32, 26);

/* Equipo 27 */
INSERT INTO JUGADOR
(NOMBRE, NICKNAME, NACIONALIDAD, ROL, FECHA_NAC, SUELDO, ID_EQUIPO)
VALUES ('kristanna', 'DreamyFries', 'Canadá',
        'Lider', TO_DATE('19-01-1996', 'DD-MM-YYYY'), 5293.5, 27);
INSERT INTO JUGADOR
(NOMBRE, NICKNAME, NACIONALIDAD, ROL, FECHA_NAC, SUELDO, ID_EQUIPO)
VALUES ('lise', 'benlawther', 'Estados Unidos',
        'Jugador', TO_DATE('17-09-1992', 'DD-MM-YYYY'), 2569.6, 27);
INSERT INTO JUGADOR
(NOMBRE, NICKNAME, NACIONALIDAD, ROL, FECHA_NAC, SUELDO, ID_EQUIPO)
VALUES ('jeron', 'ellen00', 'India',
        'Jugador', TO_DATE('05-05-2002', 'DD-MM-YYYY'), 4736.21, 27);
INSERT INTO JUGADOR
(NOMBRE, NICKNAME, NACIONALIDAD, ROL, FECHA_NAC, SUELDO, ID_EQUIPO)
VALUES ('brezlyn', 'Dark_save22', 'Reino Unido',
        'Jugador', TO_DATE('03-03-1993', 'DD-MM-YYYY'), 6637.03, 27);
INSERT INTO JUGADOR
(NOMBRE, NICKNAME, NACIONALIDAD, ROL, FECHA_NAC, SUELDO, ID_EQUIPO)
VALUES ('felita', 'AlexTheGames', 'India',
        'Jugador', TO_DATE('25-04-1991', 'DD-MM-YYYY'), 6080.04, 27);
INSERT INTO JUGADOR
(NOMBRE, NICKNAME, NACIONALIDAD, ROL, FECHA_NAC, SUELDO, ID_EQUIPO)
VALUES ('murat', 'BenjaGamerX', 'Argentina',
        'Jugador', TO_DATE('01-08-1991', 'DD-MM-YYYY'), 3109.72, 27);

/* Equipo 28 */
INSERT INTO JUGADOR
(NOMBRE, NICKNAME, NACIONALIDAD, ROL, FECHA_NAC, SUELDO, ID_EQUIPO)
VALUES ('tyron', 'Deepako', 'Argentina',
        'Lider', TO_DATE('15-11-1989', 'DD-MM-YYYY'), 4645.06, 28);
INSERT INTO JUGADOR
(NOMBRE, NICKNAME, NACIONALIDAD, ROL, FECHA_NAC, SUELDO, ID_EQUIPO)
VALUES ('alvino', 'LordBeef6262', 'Alemania',
        'Jugador', TO_DATE('09-08-2003', 'DD-MM-YYYY'), 5307.83, 28);
INSERT INTO JUGADOR
(NOMBRE, NICKNAME, NACIONALIDAD, ROL, FECHA_NAC, SUELDO, ID_EQUIPO)
VALUES ('andrw', '_RedaqPlay_', 'Reino Unido',
        'Jugador', TO_DATE('21-04-1993', 'DD-MM-YYYY'), 3537.55, 28);
INSERT INTO JUGADOR
(NOMBRE, NICKNAME, NACIONALIDAD, ROL, FECHA_NAC, SUELDO, ID_EQUIPO)
VALUES ('jaydie', 'bossey93', 'Australia',
        'Jugador', TO_DATE('29-11-1995', 'DD-MM-YYYY'), 5512.68, 28);
INSERT INTO JUGADOR
(NOMBRE, NICKNAME, NACIONALIDAD, ROL, FECHA_NAC, SUELDO, ID_EQUIPO)
VALUES ('emran', 'fluffypufffy', 'China',
        'Jugador', TO_DATE('23-08-1991', 'DD-MM-YYYY'), 2237.45, 28);
INSERT INTO JUGADOR
(NOMBRE, NICKNAME, NACIONALIDAD, ROL, FECHA_NAC, SUELDO, ID_EQUIPO)
VALUES ('taleyah', 'notevenmyname', 'Italia',
        'Jugador', TO_DATE('22-11-2000', 'DD-MM-YYYY'), 3562.45, 28);

/* Equipo 29 */
INSERT INTO JUGADOR
(NOMBRE, NICKNAME, NACIONALIDAD, ROL, FECHA_NAC, SUELDO, ID_EQUIPO)
VALUES ('kanika', 'super_pig2014', 'Reino Unido',
        'Lider', TO_DATE('29-10-1994', 'DD-MM-YYYY'), 5666.29, 29);
INSERT INTO JUGADOR
(NOMBRE, NICKNAME, NACIONALIDAD, ROL, FECHA_NAC, SUELDO, ID_EQUIPO)
VALUES ('gaynell', 'CyclopsTonight', 'Corea del Sur',
        'Jugador', TO_DATE('08-09-2000', 'DD-MM-YYYY'), 3044.6, 29);
INSERT INTO JUGADOR
(NOMBRE, NICKNAME, NACIONALIDAD, ROL, FECHA_NAC, SUELDO, ID_EQUIPO)
VALUES ('bernardine', 'Phoenix63', 'Estados Unidos',
        'Jugador', TO_DATE('30-11-1998', 'DD-MM-YYYY'), 5579.82, 29);
INSERT INTO JUGADOR
(NOMBRE, NICKNAME, NACIONALIDAD, ROL, FECHA_NAC, SUELDO, ID_EQUIPO)
VALUES ('grae', 'TheNewTimer', 'China',
        'Jugador', TO_DATE('02-01-1999', 'DD-MM-YYYY'), 2965.43, 29);
INSERT INTO JUGADOR
(NOMBRE, NICKNAME, NACIONALIDAD, ROL, FECHA_NAC, SUELDO, ID_EQUIPO)
VALUES ('cristian', 'Nivina22', 'Reino Unido',
        'Jugador', TO_DATE('19-03-2001', 'DD-MM-YYYY'), 3697.53, 29);
INSERT INTO JUGADOR
(NOMBRE, NICKNAME, NACIONALIDAD, ROL, FECHA_NAC, SUELDO, ID_EQUIPO)
VALUES ('javeah', 'legomat07', 'India',
        'Jugador', TO_DATE('24-06-1993', 'DD-MM-YYYY'), 3179.18, 29);

/* Equipo 30 */
INSERT INTO JUGADOR
(NOMBRE, NICKNAME, NACIONALIDAD, ROL, FECHA_NAC, SUELDO, ID_EQUIPO)
VALUES ('geovany', 'cathyocelote', 'Estados Unidos',
        'Lider', TO_DATE('27-11-2003', 'DD-MM-YYYY'), 3651.25, 30);
INSERT INTO JUGADOR
(NOMBRE, NICKNAME, NACIONALIDAD, ROL, FECHA_NAC, SUELDO, ID_EQUIPO)
VALUES ('jerard', 'minneycraft123', 'Canadá',
        'Jugador', TO_DATE('07-02-2003', 'DD-MM-YYYY'), 4977.18, 30);
INSERT INTO JUGADOR
(NOMBRE, NICKNAME, NACIONALIDAD, ROL, FECHA_NAC, SUELDO, ID_EQUIPO)
VALUES ('anand', 'HamsterMan05', 'Rusia',
        'Jugador', TO_DATE('02-02-1994', 'DD-MM-YYYY'), 3164.43, 30);
INSERT INTO JUGADOR
(NOMBRE, NICKNAME, NACIONALIDAD, ROL, FECHA_NAC, SUELDO, ID_EQUIPO)
VALUES ('janicia', 'FaKexsnake', 'Australia',
        'Jugador', TO_DATE('11-06-1989', 'DD-MM-YYYY'), 6559.5, 30);
INSERT INTO JUGADOR
(NOMBRE, NICKNAME, NACIONALIDAD, ROL, FECHA_NAC, SUELDO, ID_EQUIPO)
VALUES ('arlind', 'gamabear123', 'Alemania',
        'Jugador', TO_DATE('19-08-2001', 'DD-MM-YYYY'), 3285.37, 30);
INSERT INTO JUGADOR
(NOMBRE, NICKNAME, NACIONALIDAD, ROL, FECHA_NAC, SUELDO, ID_EQUIPO)
VALUES ('sheyann', 'NikFireGames', 'Reino Unido',
        'Jugador', TO_DATE('15-08-1998', 'DD-MM-YYYY'), 4999.48, 30);





/* Staff equipo 1 */
INSERT INTO STAFF
(ID_STAFF, PUESTO, NOMBRE, FECHA_NAC,
SUELDO, ID_EQUIPO)
VALUES (DEFAULT, 'Entrenador', 'dacian',
TO_DATE('21-05-1986', 'DD-MM-YYYY'), 3329.87, 1);

/* Staff equipo 2 */
INSERT INTO STAFF
(ID_STAFF, PUESTO, NOMBRE, FECHA_NAC,
SUELDO, ID_EQUIPO)
VALUES (DEFAULT, 'Entrenador', 'naysa',
TO_DATE('29-01-1982', 'DD-MM-YYYY'), 4270.31, 2);
INSERT INTO STAFF
(ID_STAFF, PUESTO, NOMBRE, FECHA_NAC,
SUELDO, ID_EQUIPO)
VALUES (DEFAULT, 'Asistente', 'akira',
TO_DATE('21-01-1991', 'DD-MM-YYYY'), 1706.67, 2);

/* Staff equipo 3 */
INSERT INTO STAFF
(ID_STAFF, PUESTO, NOMBRE, FECHA_NAC,
SUELDO, ID_EQUIPO)
VALUES (DEFAULT, 'Entrenador', 'sissy',
TO_DATE('03-02-1996', 'DD-MM-YYYY'), 3055.09, 3);

/* Staff equipo 4 */
INSERT INTO STAFF
(ID_STAFF, PUESTO, NOMBRE, FECHA_NAC,
SUELDO, ID_EQUIPO)
VALUES (DEFAULT, 'Entrenador', 'markeesha',
TO_DATE('17-07-1967', 'DD-MM-YYYY'), 3851.34, 4);
INSERT INTO STAFF
(ID_STAFF, PUESTO, NOMBRE, FECHA_NAC,
SUELDO, ID_EQUIPO)
VALUES (DEFAULT, 'Asistente', 'bernetta',
TO_DATE('07-02-1988', 'DD-MM-YYYY'), 1071.4, 4);

/* Staff equipo 5 */
INSERT INTO STAFF
(ID_STAFF, PUESTO, NOMBRE, FECHA_NAC,
SUELDO, ID_EQUIPO)
VALUES (DEFAULT, 'Entrenador', 'tyreisha',
TO_DATE('23-08-1981', 'DD-MM-YYYY'), 3894.37, 5);

/* Staff equipo 6 */
INSERT INTO STAFF
(ID_STAFF, PUESTO, NOMBRE, FECHA_NAC,
SUELDO, ID_EQUIPO)
VALUES (DEFAULT, 'Entrenador', 'kalenna',
TO_DATE('05-10-1970', 'DD-MM-YYYY'), 3211.33, 6);

/* Staff equipo 7 */
INSERT INTO STAFF
(ID_STAFF, PUESTO, NOMBRE, FECHA_NAC,
SUELDO, ID_EQUIPO)
VALUES (DEFAULT, 'Entrenador', 'vasiliki',
TO_DATE('31-03-1993', 'DD-MM-YYYY'), 3644.14, 7);
INSERT INTO STAFF
(ID_STAFF, PUESTO, NOMBRE, FECHA_NAC,
SUELDO, ID_EQUIPO)
VALUES (DEFAULT, 'Asistente', 'allisyn',
TO_DATE('24-03-1980', 'DD-MM-YYYY'), 1448.66, 7);

/* Staff equipo 8 */
INSERT INTO STAFF
(ID_STAFF, PUESTO, NOMBRE, FECHA_NAC,
SUELDO, ID_EQUIPO)
VALUES (DEFAULT, 'Entrenador', 'margrett',
TO_DATE('22-08-1983', 'DD-MM-YYYY'), 4141.49, 8);
INSERT INTO STAFF
(ID_STAFF, PUESTO, NOMBRE, FECHA_NAC,
SUELDO, ID_EQUIPO)
VALUES (DEFAULT, 'Asistente', 'raziyah',
TO_DATE('03-10-1978', 'DD-MM-YYYY'), 2689.75, 8);

/* Staff equipo 9 */
INSERT INTO STAFF
(ID_STAFF, PUESTO, NOMBRE, FECHA_NAC,
SUELDO, ID_EQUIPO)
VALUES (DEFAULT, 'Entrenador', 'cadarius',
TO_DATE('27-05-1971', 'DD-MM-YYYY'), 2565.23, 9);
INSERT INTO STAFF
(ID_STAFF, PUESTO, NOMBRE, FECHA_NAC,
SUELDO, ID_EQUIPO)
VALUES (DEFAULT, 'Asistente', 'brode',
TO_DATE('07-11-1970', 'DD-MM-YYYY'), 2215.47, 9);

/* Staff equipo 10 */
INSERT INTO STAFF
(ID_STAFF, PUESTO, NOMBRE, FECHA_NAC,
SUELDO, ID_EQUIPO)
VALUES (DEFAULT, 'Entrenador', 'ketih',
TO_DATE('27-03-1979', 'DD-MM-YYYY'), 3737.46, 10);

/* Staff equipo 11 */
INSERT INTO STAFF
(ID_STAFF, PUESTO, NOMBRE, FECHA_NAC,
SUELDO, ID_EQUIPO)
VALUES (DEFAULT, 'Entrenador', 'fontella',
TO_DATE('11-10-1995', 'DD-MM-YYYY'), 2581.18, 11);
INSERT INTO STAFF
(ID_STAFF, PUESTO, NOMBRE, FECHA_NAC,
SUELDO, ID_EQUIPO)
VALUES (DEFAULT, 'Asistente', 'yanely',
TO_DATE('30-06-2002', 'DD-MM-YYYY'), 1433.17, 11);

/* Staff equipo 12 */
INSERT INTO STAFF
(ID_STAFF, PUESTO, NOMBRE, FECHA_NAC,
SUELDO, ID_EQUIPO)
VALUES (DEFAULT, 'Entrenador', 'natividad',
TO_DATE('27-06-2002', 'DD-MM-YYYY'), 3705.03, 12);

/* Staff equipo 13 */
INSERT INTO STAFF
(ID_STAFF, PUESTO, NOMBRE, FECHA_NAC,
SUELDO, ID_EQUIPO)
VALUES (DEFAULT, 'Entrenador', 'jaziah',
TO_DATE('04-02-1966', 'DD-MM-YYYY'), 4804.3, 13);
INSERT INTO STAFF
(ID_STAFF, PUESTO, NOMBRE, FECHA_NAC,
SUELDO, ID_EQUIPO)
VALUES (DEFAULT, 'Asistente', 'aithen',
TO_DATE('15-07-1978', 'DD-MM-YYYY'), 1640.69, 13);

/* Staff equipo 14 */
INSERT INTO STAFF
(ID_STAFF, PUESTO, NOMBRE, FECHA_NAC,
SUELDO, ID_EQUIPO)
VALUES (DEFAULT, 'Entrenador', 'joscelyn',
TO_DATE('18-06-1968', 'DD-MM-YYYY'), 2901.09, 14);

/* Staff equipo 15 */
INSERT INTO STAFF
(ID_STAFF, PUESTO, NOMBRE, FECHA_NAC,
SUELDO, ID_EQUIPO)
VALUES (DEFAULT, 'Entrenador', 'mahki',
TO_DATE('17-10-1995', 'DD-MM-YYYY'), 4675.58, 15);

/* Staff equipo 16 */
INSERT INTO STAFF
(ID_STAFF, PUESTO, NOMBRE, FECHA_NAC,
SUELDO, ID_EQUIPO)
VALUES (DEFAULT, 'Entrenador', 'audriella',
TO_DATE('04-05-1982', 'DD-MM-YYYY'), 2017.99, 16);
INSERT INTO STAFF
(ID_STAFF, PUESTO, NOMBRE, FECHA_NAC,
SUELDO, ID_EQUIPO)
VALUES (DEFAULT, 'Asistente', 'lacey',
TO_DATE('25-04-1977', 'DD-MM-YYYY'), 1235.19, 16);

/* Staff equipo 17 */
INSERT INTO STAFF
(ID_STAFF, PUESTO, NOMBRE, FECHA_NAC,
SUELDO, ID_EQUIPO)
VALUES (DEFAULT, 'Entrenador', 'ajayla',
TO_DATE('23-06-1981', 'DD-MM-YYYY'), 3860.97, 17);
INSERT INTO STAFF
(ID_STAFF, PUESTO, NOMBRE, FECHA_NAC,
SUELDO, ID_EQUIPO)
VALUES (DEFAULT, 'Asistente', 'teven',
TO_DATE('16-12-1994', 'DD-MM-YYYY'), 2524.22, 17);

/* Staff equipo 18 */
INSERT INTO STAFF
(ID_STAFF, PUESTO, NOMBRE, FECHA_NAC,
SUELDO, ID_EQUIPO)
VALUES (DEFAULT, 'Entrenador', 'yeshua',
TO_DATE('20-04-2002', 'DD-MM-YYYY'), 3194.42, 18);

/* Staff equipo 19 */
INSERT INTO STAFF
(ID_STAFF, PUESTO, NOMBRE, FECHA_NAC,
SUELDO, ID_EQUIPO)
VALUES (DEFAULT, 'Entrenador', 'husna',
TO_DATE('09-01-1998', 'DD-MM-YYYY'), 3003.46, 19);

/* Staff equipo 20 */
INSERT INTO STAFF
(ID_STAFF, PUESTO, NOMBRE, FECHA_NAC,
SUELDO, ID_EQUIPO)
VALUES (DEFAULT, 'Entrenador', 'geronimo',
TO_DATE('06-01-1999', 'DD-MM-YYYY'), 3712.16, 20);
INSERT INTO STAFF
(ID_STAFF, PUESTO, NOMBRE, FECHA_NAC,
SUELDO, ID_EQUIPO)
VALUES (DEFAULT, 'Asistente', 'janalyn',
TO_DATE('02-08-1969', 'DD-MM-YYYY'), 1258.48, 20);

/* Staff equipo 21 */
INSERT INTO STAFF
(ID_STAFF, PUESTO, NOMBRE, FECHA_NAC,
SUELDO, ID_EQUIPO)
VALUES (DEFAULT, 'Entrenador', 'jasiah',
TO_DATE('21-05-2003', 'DD-MM-YYYY'), 4566.17, 21);

/* Staff equipo 22 */
INSERT INTO STAFF
(ID_STAFF, PUESTO, NOMBRE, FECHA_NAC,
SUELDO, ID_EQUIPO)
VALUES (DEFAULT, 'Entrenador', 'travontae',
TO_DATE('08-01-1995', 'DD-MM-YYYY'), 3085.87, 22);

/* Staff equipo 23 */
INSERT INTO STAFF
(ID_STAFF, PUESTO, NOMBRE, FECHA_NAC,
SUELDO, ID_EQUIPO)
VALUES (DEFAULT, 'Entrenador', 'zalman',
TO_DATE('01-06-1999', 'DD-MM-YYYY'), 4621.87, 23);
INSERT INTO STAFF
(ID_STAFF, PUESTO, NOMBRE, FECHA_NAC,
SUELDO, ID_EQUIPO)
VALUES (DEFAULT, 'Asistente', 'shianne',
TO_DATE('28-02-1990', 'DD-MM-YYYY'), 1916.14, 23);

/* Staff equipo 24 */
INSERT INTO STAFF
(ID_STAFF, PUESTO, NOMBRE, FECHA_NAC,
SUELDO, ID_EQUIPO)
VALUES (DEFAULT, 'Entrenador', 'dajuana',
TO_DATE('14-11-1972', 'DD-MM-YYYY'), 4216.01, 24);
INSERT INTO STAFF
(ID_STAFF, PUESTO, NOMBRE, FECHA_NAC,
SUELDO, ID_EQUIPO)
VALUES (DEFAULT, 'Asistente', 'dawnn',
TO_DATE('07-03-1970', 'DD-MM-YYYY'), 1006.33, 24);

/* Staff equipo 25 */
INSERT INTO STAFF
(ID_STAFF, PUESTO, NOMBRE, FECHA_NAC,
SUELDO, ID_EQUIPO)
VALUES (DEFAULT, 'Entrenador', 'tyrie',
TO_DATE('09-09-1995', 'DD-MM-YYYY'), 4103.53, 25);
INSERT INTO STAFF
(ID_STAFF, PUESTO, NOMBRE, FECHA_NAC,
SUELDO, ID_EQUIPO)
VALUES (DEFAULT, 'Asistente', 'eleanna',
TO_DATE('16-07-1966', 'DD-MM-YYYY'), 1832.09, 25);

/* Staff equipo 26 */
INSERT INTO STAFF
(ID_STAFF, PUESTO, NOMBRE, FECHA_NAC,
SUELDO, ID_EQUIPO)
VALUES (DEFAULT, 'Entrenador', 'jermaine',
TO_DATE('20-12-1977', 'DD-MM-YYYY'), 3613.05, 26);

/* Staff equipo 27 */
INSERT INTO STAFF
(ID_STAFF, PUESTO, NOMBRE, FECHA_NAC,
SUELDO, ID_EQUIPO)
VALUES (DEFAULT, 'Entrenador', 'blyss',
TO_DATE('28-11-1964', 'DD-MM-YYYY'), 4420.87, 27);

/* Staff equipo 28 */
INSERT INTO STAFF
(ID_STAFF, PUESTO, NOMBRE, FECHA_NAC,
SUELDO, ID_EQUIPO)
VALUES (DEFAULT, 'Entrenador', 'jaonna',
TO_DATE('25-07-1993', 'DD-MM-YYYY'), 3241.9, 28);
INSERT INTO STAFF
(ID_STAFF, PUESTO, NOMBRE, FECHA_NAC,
SUELDO, ID_EQUIPO)
VALUES (DEFAULT, 'Asistente', 'cassia',
TO_DATE('16-08-1994', 'DD-MM-YYYY'), 1488.41, 28);

/* Staff equipo 29 */
INSERT INTO STAFF
(ID_STAFF, PUESTO, NOMBRE, FECHA_NAC,
SUELDO, ID_EQUIPO)
VALUES (DEFAULT, 'Entrenador', 'tanganyika',
TO_DATE('23-08-1970', 'DD-MM-YYYY'), 3777.5, 29);
INSERT INTO STAFF
(ID_STAFF, PUESTO, NOMBRE, FECHA_NAC,
SUELDO, ID_EQUIPO)
VALUES (DEFAULT, 'Asistente', 'cherese',
TO_DATE('03-05-1979', 'DD-MM-YYYY'), 2009.36, 29);

/* Staff equipo 30 */
INSERT INTO STAFF
(ID_STAFF, PUESTO, NOMBRE, FECHA_NAC,
SUELDO, ID_EQUIPO)
VALUES (DEFAULT, 'Entrenador', 'remmington',
TO_DATE('24-12-1981', 'DD-MM-YYYY'), 2477.73, 30);
INSERT INTO STAFF
(ID_STAFF, PUESTO, NOMBRE, FECHA_NAC,
SUELDO, ID_EQUIPO)
VALUES (DEFAULT, 'Asistente', 'halen',
TO_DATE('08-10-2000', 'DD-MM-YYYY'), 2301.67, 30);



INSERT INTO PATROCINADOR (ID_PATROCINADOR, NOMBRE)
VALUES (DEFAULT, 'Bouygues');

INSERT INTO PATROCINADOR (ID_PATROCINADOR, NOMBRE)
VALUES (DEFAULT, 'Assicurazioni Generali');

INSERT INTO PATROCINADOR (ID_PATROCINADOR, NOMBRE)
VALUES (DEFAULT, 'CPC');

INSERT INTO PATROCINADOR (ID_PATROCINADOR, NOMBRE)
VALUES (DEFAULT, 'La Poste');

INSERT INTO PATROCINADOR (ID_PATROCINADOR, NOMBRE)
VALUES (DEFAULT, 'Bank of Communications');

INSERT INTO PATROCINADOR (ID_PATROCINADOR, NOMBRE)
VALUES (DEFAULT, 'Cathay Life Insurance');

INSERT INTO PATROCINADOR (ID_PATROCINADOR, NOMBRE)
VALUES (DEFAULT, 'Wesfarmers');

INSERT INTO PATROCINADOR (ID_PATROCINADOR, NOMBRE)
VALUES (DEFAULT, 'China Development Bank');

INSERT INTO PATROCINADOR (ID_PATROCINADOR, NOMBRE)
VALUES (DEFAULT, 'Woolworths');

INSERT INTO PATROCINADOR (ID_PATROCINADOR, NOMBRE)
VALUES (DEFAULT, 'China National Petroleum');

INSERT INTO PATROCINADOR (ID_PATROCINADOR, NOMBRE)
VALUES (DEFAULT, 'Landesbank Baden-Württemberg');

INSERT INTO PATROCINADOR (ID_PATROCINADOR, NOMBRE)
VALUES (DEFAULT, 'Compal Electronics');

INSERT INTO PATROCINADOR (ID_PATROCINADOR, NOMBRE)
VALUES (DEFAULT, 'Peugeot');

INSERT INTO PATROCINADOR (ID_PATROCINADOR, NOMBRE)
VALUES (DEFAULT, 'Hon Hai Precision Industry');

INSERT INTO PATROCINADOR (ID_PATROCINADOR, NOMBRE)
VALUES (DEFAULT, 'Ansteel Group');

INSERT INTO PATROCINADOR (ID_PATROCINADOR, NOMBRE)
VALUES (DEFAULT, 'Liberty Mutual Insurance Group');

INSERT INTO PATROCINADOR (ID_PATROCINADOR, NOMBRE)
VALUES (DEFAULT, 'Rosneft Oil');

INSERT INTO PATROCINADOR (ID_PATROCINADOR, NOMBRE)
VALUES (DEFAULT, 'Mitsui');

INSERT INTO PATROCINADOR (ID_PATROCINADOR, NOMBRE)
VALUES (DEFAULT, 'Rio Tinto Group');

INSERT INTO PATROCINADOR (ID_PATROCINADOR, NOMBRE)
VALUES (DEFAULT, 'AntarChile');

INSERT INTO PATROCINADOR (ID_PATROCINADOR, NOMBRE)
VALUES (DEFAULT, 'DuPont');

INSERT INTO PATROCINADOR (ID_PATROCINADOR, NOMBRE)
VALUES (DEFAULT, 'China Metallurgical Group');

INSERT INTO PATROCINADOR (ID_PATROCINADOR, NOMBRE)
VALUES (DEFAULT, 'Australia and New Zeal. Bnkg.');

INSERT INTO PATROCINADOR (ID_PATROCINADOR, NOMBRE)
VALUES (DEFAULT, 'Hyundai Mobis');

INSERT INTO PATROCINADOR (ID_PATROCINADOR, NOMBRE)
VALUES (DEFAULT, 'Qualcomm');

INSERT INTO PATROCINADOR (ID_PATROCINADOR, NOMBRE)
VALUES (DEFAULT, 'Kroger');

INSERT INTO PATROCINADOR (ID_PATROCINADOR, NOMBRE)
VALUES (DEFAULT, 'GDF Suez');

INSERT INTO PATROCINADOR (ID_PATROCINADOR, NOMBRE)
VALUES (DEFAULT, 'Deutsche Bahn');

INSERT INTO PATROCINADOR (ID_PATROCINADOR, NOMBRE)
VALUES (DEFAULT, 'Nike');

INSERT INTO PATROCINADOR (ID_PATROCINADOR, NOMBRE)
VALUES (DEFAULT, 'United Services Auto. Assn.');

INSERT INTO PATROCINADOR (ID_PATROCINADOR, NOMBRE)
VALUES (DEFAULT, 'Wells Fargo');

INSERT INTO PATROCINADOR (ID_PATROCINADOR, NOMBRE)
VALUES (DEFAULT, 'Telefonica');

INSERT INTO PATROCINADOR (ID_PATROCINADOR, NOMBRE)
VALUES (DEFAULT, 'Sumitomo Life Insurance');

INSERT INTO PATROCINADOR (ID_PATROCINADOR, NOMBRE)
VALUES (DEFAULT, 'ABB');

INSERT INTO PATROCINADOR (ID_PATROCINADOR, NOMBRE)
VALUES (DEFAULT, 'Idemitsu Kosan');

INSERT INTO PATROCINADOR (ID_PATROCINADOR, NOMBRE)
VALUES (DEFAULT, 'Lenovo Group');

INSERT INTO PATROCINADOR (ID_PATROCINADOR, NOMBRE)
VALUES (DEFAULT, 'Avnet');

INSERT INTO PATROCINADOR (ID_PATROCINADOR, NOMBRE)
VALUES (DEFAULT, 'Chubu Electric Power');

INSERT INTO PATROCINADOR (ID_PATROCINADOR, NOMBRE)
VALUES (DEFAULT, 'Guangzhou Automobile Industry Group');

INSERT INTO PATROCINADOR (ID_PATROCINADOR, NOMBRE)
VALUES (DEFAULT, 'Walt Disney');

INSERT INTO PATROCINADOR (ID_PATROCINADOR, NOMBRE)
VALUES (DEFAULT, 'Marubeni');

INSERT INTO PATROCINADOR (ID_PATROCINADOR, NOMBRE)
VALUES (DEFAULT, 'China Minsheng Banking');

INSERT INTO PATROCINADOR (ID_PATROCINADOR, NOMBRE)
VALUES (DEFAULT, 'AIG');

INSERT INTO PATROCINADOR (ID_PATROCINADOR, NOMBRE)
VALUES (DEFAULT, 'China Pacific Insurance');

INSERT INTO PATROCINADOR (ID_PATROCINADOR, NOMBRE)
VALUES (DEFAULT, 'Beijing Automotive Group');

INSERT INTO PATROCINADOR (ID_PATROCINADOR, NOMBRE)
VALUES (DEFAULT, 'Bank of Nova Scotia');

INSERT INTO PATROCINADOR (ID_PATROCINADOR, NOMBRE)
VALUES (DEFAULT, 'BMW');

INSERT INTO PATROCINADOR (ID_PATROCINADOR, NOMBRE)
VALUES (DEFAULT, 'Union Pacific');

INSERT INTO PATROCINADOR (ID_PATROCINADOR, NOMBRE)
VALUES (DEFAULT, 'Talanx');

INSERT INTO PATROCINADOR (ID_PATROCINADOR, NOMBRE)
VALUES (DEFAULT, 'Nissan Motor');

INSERT INTO PATROCINADOR (ID_PATROCINADOR, NOMBRE)
VALUES (DEFAULT, 'Glencore');

INSERT INTO PATROCINADOR (ID_PATROCINADOR, NOMBRE)
VALUES (DEFAULT, 'Tewoo Group');

INSERT INTO PATROCINADOR (ID_PATROCINADOR, NOMBRE)
VALUES (DEFAULT, 'Toronto-Dominion Bank');

INSERT INTO PATROCINADOR (ID_PATROCINADOR, NOMBRE)
VALUES (DEFAULT, 'China Poly Group');

INSERT INTO PATROCINADOR (ID_PATROCINADOR, NOMBRE)
VALUES (DEFAULT, 'China Mobile Communications');

INSERT INTO PATROCINADOR (ID_PATROCINADOR, NOMBRE)
VALUES (DEFAULT, 'Toshiba');

INSERT INTO PATROCINADOR (ID_PATROCINADOR, NOMBRE)
VALUES (DEFAULT, 'Sompo Japan Nipponkoa');

INSERT INTO PATROCINADOR (ID_PATROCINADOR, NOMBRE)
VALUES (DEFAULT, 'Microsoft');

INSERT INTO PATROCINADOR (ID_PATROCINADOR, NOMBRE)
VALUES (DEFAULT, 'Hyundai Heavy Industries');

INSERT INTO PATROCINADOR (ID_PATROCINADOR, NOMBRE)
VALUES (DEFAULT, 'Standard Life');

INSERT INTO PATROCINADOR (ID_PATROCINADOR, NOMBRE)
VALUES (DEFAULT, 'Bohai Steel Group');

INSERT INTO PATROCINADOR (ID_PATROCINADOR, NOMBRE)
VALUES (DEFAULT, 'Sinopharm');

INSERT INTO PATROCINADOR (ID_PATROCINADOR, NOMBRE)
VALUES (DEFAULT, 'Amazon.com');

INSERT INTO PATROCINADOR (ID_PATROCINADOR, NOMBRE)
VALUES (DEFAULT, 'Costco');

INSERT INTO PATROCINADOR (ID_PATROCINADOR, NOMBRE)
VALUES (DEFAULT, 'Edeka Zentrale');

INSERT INTO PATROCINADOR (ID_PATROCINADOR, NOMBRE)
VALUES (DEFAULT, 'Westpac Banking');

INSERT INTO PATROCINADOR (ID_PATROCINADOR, NOMBRE)
VALUES (DEFAULT, 'Hutchison Whampoa');

INSERT INTO PATROCINADOR (ID_PATROCINADOR, NOMBRE)
VALUES (DEFAULT, 'McKesson');

INSERT INTO PATROCINADOR (ID_PATROCINADOR, NOMBRE)
VALUES (DEFAULT, 'Deere');

INSERT INTO PATROCINADOR (ID_PATROCINADOR, NOMBRE)
VALUES (DEFAULT, 'Aviation Industry Corp. of China');

INSERT INTO PATROCINADOR (ID_PATROCINADOR, NOMBRE)
VALUES (DEFAULT, 'Royal Ahold');

INSERT INTO PATROCINADOR (ID_PATROCINADOR, NOMBRE)
VALUES (DEFAULT, 'HP');

INSERT INTO PATROCINADOR (ID_PATROCINADOR, NOMBRE)
VALUES (DEFAULT, 'Sodexo');

INSERT INTO PATROCINADOR (ID_PATROCINADOR, NOMBRE)
VALUES (DEFAULT, 'National Australia Bank');

INSERT INTO PATROCINADOR (ID_PATROCINADOR, NOMBRE)
VALUES (DEFAULT, 'AEON');

INSERT INTO PATROCINADOR (ID_PATROCINADOR, NOMBRE)
VALUES (DEFAULT, 'INTL FCStone');

INSERT INTO PATROCINADOR (ID_PATROCINADOR, NOMBRE)
VALUES (DEFAULT, 'Quanta Computer');

INSERT INTO PATROCINADOR (ID_PATROCINADOR, NOMBRE)
VALUES (DEFAULT, 'Ikea');

INSERT INTO PATROCINADOR (ID_PATROCINADOR, NOMBRE)
VALUES (DEFAULT, 'Shandong Weiqiao Pioneering');

INSERT INTO PATROCINADOR (ID_PATROCINADOR, NOMBRE)
VALUES (DEFAULT, 'Christian Dior');

INSERT INTO PATROCINADOR (ID_PATROCINADOR, NOMBRE)
VALUES (DEFAULT, 'Lufthansa Group');

INSERT INTO PATROCINADOR (ID_PATROCINADOR, NOMBRE)
VALUES (DEFAULT, 'UPS');

INSERT INTO PATROCINADOR (ID_PATROCINADOR, NOMBRE)
VALUES (DEFAULT, 'Repsol');

INSERT INTO PATROCINADOR (ID_PATROCINADOR, NOMBRE)
VALUES (DEFAULT, 'Korea Gas');

INSERT INTO PATROCINADOR (ID_PATROCINADOR, NOMBRE)
VALUES (DEFAULT, 'Valero Energy');

INSERT INTO PATROCINADOR (ID_PATROCINADOR, NOMBRE)
VALUES (DEFAULT, 'Samsung Electronics');

INSERT INTO PATROCINADOR (ID_PATROCINADOR, NOMBRE)
VALUES (DEFAULT, 'China Electronics');

INSERT INTO PATROCINADOR (ID_PATROCINADOR, NOMBRE)
VALUES (DEFAULT, 'Goldman Sachs Group');

INSERT INTO PATROCINADOR (ID_PATROCINADOR, NOMBRE)
VALUES (DEFAULT, 'Credit Suisse Group');

INSERT INTO PATROCINADOR (ID_PATROCINADOR, NOMBRE)
VALUES (DEFAULT, 'Mitsubishi Heavy Industries');

INSERT INTO PATROCINADOR (ID_PATROCINADOR, NOMBRE)
VALUES (DEFAULT, 'Petrobras');

INSERT INTO PATROCINADOR (ID_PATROCINADOR, NOMBRE)
VALUES (DEFAULT, 'Tokio Marine Holdings');

INSERT INTO PATROCINADOR (ID_PATROCINADOR, NOMBRE)
VALUES (DEFAULT, 'SABIC');

INSERT INTO PATROCINADOR (ID_PATROCINADOR, NOMBRE)
VALUES (DEFAULT, 'Shaanxi Yanchang Petroleum');

INSERT INTO PATROCINADOR (ID_PATROCINADOR, NOMBRE)
VALUES (DEFAULT, 'China Huaneng Group');

INSERT INTO PATROCINADOR (ID_PATROCINADOR, NOMBRE)
VALUES (DEFAULT, 'Fresenius');

INSERT INTO PATROCINADOR (ID_PATROCINADOR, NOMBRE)
VALUES (DEFAULT, 'Power Corp. of Canada');

INSERT INTO PATROCINADOR (ID_PATROCINADOR, NOMBRE)
VALUES (DEFAULT, 'Migros Group');

INSERT INTO PATROCINADOR (ID_PATROCINADOR, NOMBRE)
VALUES (DEFAULT, 'L Oreal');

INSERT INTO PATROCINADOR (ID_PATROCINADOR, NOMBRE)
VALUES (DEFAULT, 'LyondellBasell Industries');



/*Juegos*/
INSERT INTO JUEGO (ID_JUEGO, NOMBRE, EMPRESA, FECHA_LANZAMIENTO)
VALUES (DEFAULT, 'Doom', 'id Software', 
TO_DATE('09-11-1990', 'DD-MM-YYYY'));

INSERT INTO JUEGO (ID_JUEGO, NOMBRE, EMPRESA, FECHA_LANZAMIENTO)
VALUES (DEFAULT, 'Quake', 'id Software', 
TO_DATE('28-11-2014', 'DD-MM-YYYY'));

INSERT INTO JUEGO (ID_JUEGO, NOMBRE, EMPRESA, FECHA_LANZAMIENTO)
VALUES (DEFAULT, 'Counter-Strike series', 'Valve', 
TO_DATE('12-09-1992', 'DD-MM-YYYY'));

INSERT INTO JUEGO (ID_JUEGO, NOMBRE, EMPRESA, FECHA_LANZAMIENTO)
VALUES (DEFAULT, 'Call of Duty series', 'Blizzard Entertainment', 
TO_DATE('12-01-1996', 'DD-MM-YYYY'));

INSERT INTO JUEGO (ID_JUEGO, NOMBRE, EMPRESA, FECHA_LANZAMIENTO)
VALUES (DEFAULT, 'Unreal Tournament', 'Epic Games', 
TO_DATE('20-10-1999', 'DD-MM-YYYY'));

INSERT INTO JUEGO (ID_JUEGO, NOMBRE, EMPRESA, FECHA_LANZAMIENTO)
VALUES (DEFAULT, 'Halo series', 'Microsoft Studios', 
TO_DATE('15-09-1995', 'DD-MM-YYYY'));

INSERT INTO JUEGO (ID_JUEGO, NOMBRE, EMPRESA, FECHA_LANZAMIENTO)
VALUES (DEFAULT, 'Battlefield series', 'Electronic Arts', 
TO_DATE('16-11-2009', 'DD-MM-YYYY'));

INSERT INTO JUEGO (ID_JUEGO, NOMBRE, EMPRESA, FECHA_LANZAMIENTO)
VALUES (DEFAULT, 'Overwatch', 'Blizzard Entertainment', 
TO_DATE('20-05-1998', 'DD-MM-YYYY'));

INSERT INTO JUEGO (ID_JUEGO, NOMBRE, EMPRESA, FECHA_LANZAMIENTO)
VALUES (DEFAULT, 'Team Fortress 2', 'Valve Corporation', 
TO_DATE('15-11-1997', 'DD-MM-YYYY'));

INSERT INTO JUEGO (ID_JUEGO, NOMBRE, EMPRESA, FECHA_LANZAMIENTO)
VALUES (DEFAULT, 'Rainbow Six: Siege', 'Ubisoft', 
TO_DATE('09-07-2007', 'DD-MM-YYYY'));

INSERT INTO JUEGO (ID_JUEGO, NOMBRE, EMPRESA, FECHA_LANZAMIENTO)
VALUES (DEFAULT, 'Valorant', 'Riot Games', 
TO_DATE('03-06-1991', 'DD-MM-YYYY'));

INSERT INTO JUEGO (ID_JUEGO, NOMBRE, EMPRESA, FECHA_LANZAMIENTO)
VALUES (DEFAULT, 'League of Legends', 'Riot Games', 
TO_DATE('04-05-1999', 'DD-MM-YYYY'));

INSERT INTO JUEGO (ID_JUEGO, NOMBRE, EMPRESA, FECHA_LANZAMIENTO)
VALUES (DEFAULT, 'Dota 2', 'Valve Corporation', 
TO_DATE('27-01-2019', 'DD-MM-YYYY'));

INSERT INTO JUEGO (ID_JUEGO, NOMBRE, EMPRESA, FECHA_LANZAMIENTO)
VALUES (DEFAULT, 'Smite', 'Hi-Rez Studios', 
TO_DATE('27-01-2024', 'DD-MM-YYYY'));

INSERT INTO JUEGO (ID_JUEGO, NOMBRE, EMPRESA, FECHA_LANZAMIENTO)
VALUES (DEFAULT, 'Heroes of the Storm', 'Blizzard Entertainment', 
TO_DATE('16-07-2006', 'DD-MM-YYYY'));

INSERT INTO JUEGO (ID_JUEGO, NOMBRE, EMPRESA, FECHA_LANZAMIENTO)
VALUES (DEFAULT, 'Vainglory', 'Super Evil Megacorp', 
TO_DATE('22-11-2001', 'DD-MM-YYYY'));

INSERT INTO JUEGO (ID_JUEGO, NOMBRE, EMPRESA, FECHA_LANZAMIENTO)
VALUES (DEFAULT, 'Arena of Valor', 'Tencent Games', 
TO_DATE('19-01-1999', 'DD-MM-YYYY'));

INSERT INTO JUEGO (ID_JUEGO, NOMBRE, EMPRESA, FECHA_LANZAMIENTO)
VALUES (DEFAULT, 'Mobile Legends: Bang Bang', 'Moonton', 
TO_DATE('14-02-2017', 'DD-MM-YYYY'));

INSERT INTO JUEGO (ID_JUEGO, NOMBRE, EMPRESA, FECHA_LANZAMIENTO)
VALUES (DEFAULT, 'Formula 1 official games', 'Codemasters', 
TO_DATE('25-08-2022', 'DD-MM-YYYY'));

INSERT INTO JUEGO (ID_JUEGO, NOMBRE, EMPRESA, FECHA_LANZAMIENTO)
VALUES (DEFAULT, 'Gran Turismo Sport', 'Sony Interactive Entertainment', 
TO_DATE('21-04-2003', 'DD-MM-YYYY'));

INSERT INTO JUEGO (ID_JUEGO, NOMBRE, EMPRESA, FECHA_LANZAMIENTO)
VALUES (DEFAULT, 'iRacing', 'iRacing.com Motorsport Simulations', 
TO_DATE('19-07-2016', 'DD-MM-YYYY'));

INSERT INTO JUEGO (ID_JUEGO, NOMBRE, EMPRESA, FECHA_LANZAMIENTO)
VALUES (DEFAULT, 'Trackmania', 'Ubisoft', 
TO_DATE('28-09-1999', 'DD-MM-YYYY'));

INSERT INTO JUEGO (ID_JUEGO, NOMBRE, EMPRESA, FECHA_LANZAMIENTO)
VALUES (DEFAULT, 'Project CARS', 'Bandai Namco Entertainment', 
TO_DATE('22-07-2020', 'DD-MM-YYYY'));

INSERT INTO JUEGO (ID_JUEGO, NOMBRE, EMPRESA, FECHA_LANZAMIENTO)
VALUES (DEFAULT, 'rFactor 2', 'Studio 397', 
TO_DATE('13-05-1994', 'DD-MM-YYYY'));

INSERT INTO JUEGO (ID_JUEGO, NOMBRE, EMPRESA, FECHA_LANZAMIENTO)
VALUES (DEFAULT, 'Kart Rider', 'Nexon', 
TO_DATE('16-09-1990', 'DD-MM-YYYY'));

INSERT INTO JUEGO (ID_JUEGO, NOMBRE, EMPRESA, FECHA_LANZAMIENTO)
VALUES (DEFAULT, 'StarCraft', 'Blizzard Entertainment', 
TO_DATE('06-06-1990', 'DD-MM-YYYY'));

INSERT INTO JUEGO (ID_JUEGO, NOMBRE, EMPRESA, FECHA_LANZAMIENTO)
VALUES (DEFAULT, 'StarCraft II', 'Blizzard Entertainment', 
TO_DATE('23-06-1991', 'DD-MM-YYYY'));

INSERT INTO JUEGO (ID_JUEGO, NOMBRE, EMPRESA, FECHA_LANZAMIENTO)
VALUES (DEFAULT, 'Warcraft III', 'Blizzard Entertainment', 
TO_DATE('11-08-2002', 'DD-MM-YYYY'));

INSERT INTO JUEGO (ID_JUEGO, NOMBRE, EMPRESA, FECHA_LANZAMIENTO)
VALUES (DEFAULT, 'FIFA Football', 'Electronic Arts', 
TO_DATE('12-11-2018', 'DD-MM-YYYY'));

INSERT INTO JUEGO (ID_JUEGO, NOMBRE, EMPRESA, FECHA_LANZAMIENTO)
VALUES (DEFAULT, 'Madden NFL', 'Electronic Arts', 
TO_DATE('07-05-2005', 'DD-MM-YYYY'));

INSERT INTO JUEGO (ID_JUEGO, NOMBRE, EMPRESA, FECHA_LANZAMIENTO)
VALUES (DEFAULT, 'NBA 2K', 'Take-Two Interactive', 
TO_DATE('03-01-2019', 'DD-MM-YYYY'));

INSERT INTO JUEGO (ID_JUEGO, NOMBRE, EMPRESA, FECHA_LANZAMIENTO)
VALUES (DEFAULT, 'Pro Evolution Soccer', 'Konami', 
TO_DATE('25-07-2019', 'DD-MM-YYYY'));

INSERT INTO JUEGO (ID_JUEGO, NOMBRE, EMPRESA, FECHA_LANZAMIENTO)
VALUES (DEFAULT, 'Street Fighter', 'Capcom', 
TO_DATE('15-07-2001', 'DD-MM-YYYY'));

INSERT INTO JUEGO (ID_JUEGO, NOMBRE, EMPRESA, FECHA_LANZAMIENTO)
VALUES (DEFAULT, 'Super Smash Bros.', 'Nintendo', 
TO_DATE('27-02-2017', 'DD-MM-YYYY'));

INSERT INTO JUEGO (ID_JUEGO, NOMBRE, EMPRESA, FECHA_LANZAMIENTO)
VALUES (DEFAULT, 'Marvel vs. Capcom', 'Capcom', 
TO_DATE('18-03-2021', 'DD-MM-YYYY'));

INSERT INTO JUEGO (ID_JUEGO, NOMBRE, EMPRESA, FECHA_LANZAMIENTO)
VALUES (DEFAULT, 'Tekken', 'Bandai Namco', 
TO_DATE('16-06-1994', 'DD-MM-YYYY'));

INSERT INTO JUEGO (ID_JUEGO, NOMBRE, EMPRESA, FECHA_LANZAMIENTO)
VALUES (DEFAULT, 'Killer Instinct', 'Microsoft', 
TO_DATE('28-03-2001', 'DD-MM-YYYY'));

INSERT INTO JUEGO (ID_JUEGO, NOMBRE, EMPRESA, FECHA_LANZAMIENTO)
VALUES (DEFAULT, 'Rocket League', 'Psyonix Studios', 
TO_DATE('25-11-2004', 'DD-MM-YYYY'));

INSERT INTO JUEGO (ID_JUEGO, NOMBRE, EMPRESA, FECHA_LANZAMIENTO)
VALUES (DEFAULT, 'Gears of War', 'The Coalition', 
TO_DATE('28-01-2018', 'DD-MM-YYYY'));

INSERT INTO JUEGO (ID_JUEGO, NOMBRE, EMPRESA, FECHA_LANZAMIENTO)
VALUES (DEFAULT, 'PlayerUnknowns Battlegrounds (PUBG)', 'PUBG Corporation', 
TO_DATE('03-06-2005', 'DD-MM-YYYY'));

INSERT INTO JUEGO (ID_JUEGO, NOMBRE, EMPRESA, FECHA_LANZAMIENTO)
VALUES (DEFAULT, 'Garena Free Fire', 'Garena', 
TO_DATE('13-07-1992', 'DD-MM-YYYY'));

INSERT INTO JUEGO (ID_JUEGO, NOMBRE, EMPRESA, FECHA_LANZAMIENTO)
VALUES (DEFAULT, 'Splatoon 2', 'Nintendo', 
TO_DATE('27-03-2019', 'DD-MM-YYYY'));

INSERT INTO JUEGO (ID_JUEGO, NOMBRE, EMPRESA, FECHA_LANZAMIENTO)
VALUES (DEFAULT, 'Hearthstone', 'Blizzard Entertainment', 
TO_DATE('12-02-2011', 'DD-MM-YYYY'));

INSERT INTO JUEGO (ID_JUEGO, NOMBRE, EMPRESA, FECHA_LANZAMIENTO)
VALUES (DEFAULT, 'Shadowverse', 'Cygames', 
TO_DATE('10-02-2009', 'DD-MM-YYYY'));

INSERT INTO JUEGO (ID_JUEGO, NOMBRE, EMPRESA, FECHA_LANZAMIENTO)
VALUES (DEFAULT, 'Magic: The Gathering Arena', 'Wizards of the Coast', 
TO_DATE('08-07-2003', 'DD-MM-YYYY'));

INSERT INTO JUEGO (ID_JUEGO, NOMBRE, EMPRESA, FECHA_LANZAMIENTO)
VALUES (DEFAULT, 'Pokémon', 'The Pokémon Company', 
TO_DATE('22-09-1998', 'DD-MM-YYYY'));

INSERT INTO JUEGO (ID_JUEGO, NOMBRE, EMPRESA, FECHA_LANZAMIENTO)
VALUES (DEFAULT, 'Puyo Puyo', 'Sega', 
TO_DATE('20-10-2004', 'DD-MM-YYYY'));

INSERT INTO JUEGO (ID_JUEGO, NOMBRE, EMPRESA, FECHA_LANZAMIENTO)
VALUES (DEFAULT, 'Clash Royale', 'Supercell', 
TO_DATE('09-11-2005', 'DD-MM-YYYY'));

INSERT INTO JUEGO (ID_JUEGO, NOMBRE, EMPRESA, FECHA_LANZAMIENTO)
VALUES (DEFAULT, 'Clash of Clans', 'Supercell', 
TO_DATE('25-09-2007', 'DD-MM-YYYY'));

/* Patrocinadores equipo 1 */
INSERT INTO PATROCINADOR_EQUIPO (ID_PATROCINADOR, ID_EQUIPO)
VALUES (5, 1);
INSERT INTO PATROCINADOR_EQUIPO (ID_PATROCINADOR, ID_EQUIPO)
VALUES (83, 1);

/* Patrocinadores equipo 2 */
INSERT INTO PATROCINADOR_EQUIPO (ID_PATROCINADOR, ID_EQUIPO)
VALUES (90, 2);
INSERT INTO PATROCINADOR_EQUIPO (ID_PATROCINADOR, ID_EQUIPO)
VALUES (7, 2);

/* Patrocinadores equipo 3 */
INSERT INTO PATROCINADOR_EQUIPO (ID_PATROCINADOR, ID_EQUIPO)
VALUES (3, 3);

/* Patrocinadores equipo 4 */
INSERT INTO PATROCINADOR_EQUIPO (ID_PATROCINADOR, ID_EQUIPO)
VALUES (22, 4);
INSERT INTO PATROCINADOR_EQUIPO (ID_PATROCINADOR, ID_EQUIPO)
VALUES (77, 4);

/* Patrocinadores equipo 5 */
INSERT INTO PATROCINADOR_EQUIPO (ID_PATROCINADOR, ID_EQUIPO)
VALUES (75, 5);

/* Patrocinadores equipo 6 */
INSERT INTO PATROCINADOR_EQUIPO (ID_PATROCINADOR, ID_EQUIPO)
VALUES (80, 6);
INSERT INTO PATROCINADOR_EQUIPO (ID_PATROCINADOR, ID_EQUIPO)
VALUES (13, 6);

/* Patrocinadores equipo 7 */
INSERT INTO PATROCINADOR_EQUIPO (ID_PATROCINADOR, ID_EQUIPO)
VALUES (79, 7);
INSERT INTO PATROCINADOR_EQUIPO (ID_PATROCINADOR, ID_EQUIPO)
VALUES (52, 7);

/* Patrocinadores equipo 8 */
INSERT INTO PATROCINADOR_EQUIPO (ID_PATROCINADOR, ID_EQUIPO)
VALUES (71, 8);
INSERT INTO PATROCINADOR_EQUIPO (ID_PATROCINADOR, ID_EQUIPO)
VALUES (81, 8);
INSERT INTO PATROCINADOR_EQUIPO (ID_PATROCINADOR, ID_EQUIPO)
VALUES (32, 8);
INSERT INTO PATROCINADOR_EQUIPO (ID_PATROCINADOR, ID_EQUIPO)
VALUES (17, 8);

/* Patrocinadores equipo 9 */
INSERT INTO PATROCINADOR_EQUIPO (ID_PATROCINADOR, ID_EQUIPO)
VALUES (24, 9);
INSERT INTO PATROCINADOR_EQUIPO (ID_PATROCINADOR, ID_EQUIPO)
VALUES (35, 9);

/* Patrocinadores equipo 10 */
INSERT INTO PATROCINADOR_EQUIPO (ID_PATROCINADOR, ID_EQUIPO)
VALUES (42, 10);
INSERT INTO PATROCINADOR_EQUIPO (ID_PATROCINADOR, ID_EQUIPO)
VALUES (53, 10);
INSERT INTO PATROCINADOR_EQUIPO (ID_PATROCINADOR, ID_EQUIPO)
VALUES (34, 10);
INSERT INTO PATROCINADOR_EQUIPO (ID_PATROCINADOR, ID_EQUIPO)
VALUES (58, 10);

/* Patrocinadores equipo 11 */
INSERT INTO PATROCINADOR_EQUIPO (ID_PATROCINADOR, ID_EQUIPO)
VALUES (41, 11);
INSERT INTO PATROCINADOR_EQUIPO (ID_PATROCINADOR, ID_EQUIPO)
VALUES (67, 11);
INSERT INTO PATROCINADOR_EQUIPO (ID_PATROCINADOR, ID_EQUIPO)
VALUES (95, 11);
INSERT INTO PATROCINADOR_EQUIPO (ID_PATROCINADOR, ID_EQUIPO)
VALUES (99, 11);

/* Patrocinadores equipo 12 */
INSERT INTO PATROCINADOR_EQUIPO (ID_PATROCINADOR, ID_EQUIPO)
VALUES (64, 12);
INSERT INTO PATROCINADOR_EQUIPO (ID_PATROCINADOR, ID_EQUIPO)
VALUES (56, 12);
INSERT INTO PATROCINADOR_EQUIPO (ID_PATROCINADOR, ID_EQUIPO)
VALUES (61, 12);
INSERT INTO PATROCINADOR_EQUIPO (ID_PATROCINADOR, ID_EQUIPO)
VALUES (14, 12);
INSERT INTO PATROCINADOR_EQUIPO (ID_PATROCINADOR, ID_EQUIPO)
VALUES (63, 12);

/* Patrocinadores equipo 13 */
INSERT INTO PATROCINADOR_EQUIPO (ID_PATROCINADOR, ID_EQUIPO)
VALUES (48, 13);
INSERT INTO PATROCINADOR_EQUIPO (ID_PATROCINADOR, ID_EQUIPO)
VALUES (65, 13);
INSERT INTO PATROCINADOR_EQUIPO (ID_PATROCINADOR, ID_EQUIPO)
VALUES (55, 13);
INSERT INTO PATROCINADOR_EQUIPO (ID_PATROCINADOR, ID_EQUIPO)
VALUES (47, 13);

/* Patrocinadores equipo 14 */
INSERT INTO PATROCINADOR_EQUIPO (ID_PATROCINADOR, ID_EQUIPO)
VALUES (33, 14);

/* Patrocinadores equipo 15 */
INSERT INTO PATROCINADOR_EQUIPO (ID_PATROCINADOR, ID_EQUIPO)
VALUES (2, 15);

/* Patrocinadores equipo 16 */
INSERT INTO PATROCINADOR_EQUIPO (ID_PATROCINADOR, ID_EQUIPO)
VALUES (62, 16);
INSERT INTO PATROCINADOR_EQUIPO (ID_PATROCINADOR, ID_EQUIPO)
VALUES (68, 16);
INSERT INTO PATROCINADOR_EQUIPO (ID_PATROCINADOR, ID_EQUIPO)
VALUES (19, 16);
INSERT INTO PATROCINADOR_EQUIPO (ID_PATROCINADOR, ID_EQUIPO)
VALUES (43, 16);
INSERT INTO PATROCINADOR_EQUIPO (ID_PATROCINADOR, ID_EQUIPO)
VALUES (50, 16);

/* Patrocinadores equipo 17 */
INSERT INTO PATROCINADOR_EQUIPO (ID_PATROCINADOR, ID_EQUIPO)
VALUES (8, 17);
INSERT INTO PATROCINADOR_EQUIPO (ID_PATROCINADOR, ID_EQUIPO)
VALUES (44, 17);
INSERT INTO PATROCINADOR_EQUIPO (ID_PATROCINADOR, ID_EQUIPO)
VALUES (74, 17);
INSERT INTO PATROCINADOR_EQUIPO (ID_PATROCINADOR, ID_EQUIPO)
VALUES (27, 17);
INSERT INTO PATROCINADOR_EQUIPO (ID_PATROCINADOR, ID_EQUIPO)
VALUES (70, 17);

/* Patrocinadores equipo 18 */
INSERT INTO PATROCINADOR_EQUIPO (ID_PATROCINADOR, ID_EQUIPO)
VALUES (6, 18);
INSERT INTO PATROCINADOR_EQUIPO (ID_PATROCINADOR, ID_EQUIPO)
VALUES (98, 18);
INSERT INTO PATROCINADOR_EQUIPO (ID_PATROCINADOR, ID_EQUIPO)
VALUES (23, 18);
INSERT INTO PATROCINADOR_EQUIPO (ID_PATROCINADOR, ID_EQUIPO)
VALUES (1, 18);
INSERT INTO PATROCINADOR_EQUIPO (ID_PATROCINADOR, ID_EQUIPO)
VALUES (57, 18);

/* Patrocinadores equipo 19 */
INSERT INTO PATROCINADOR_EQUIPO (ID_PATROCINADOR, ID_EQUIPO)
VALUES (60, 19);
INSERT INTO PATROCINADOR_EQUIPO (ID_PATROCINADOR, ID_EQUIPO)
VALUES (54, 19);
INSERT INTO PATROCINADOR_EQUIPO (ID_PATROCINADOR, ID_EQUIPO)
VALUES (40, 19);
INSERT INTO PATROCINADOR_EQUIPO (ID_PATROCINADOR, ID_EQUIPO)
VALUES (29, 19);

/* Patrocinadores equipo 20 */
INSERT INTO PATROCINADOR_EQUIPO (ID_PATROCINADOR, ID_EQUIPO)
VALUES (4, 20);
INSERT INTO PATROCINADOR_EQUIPO (ID_PATROCINADOR, ID_EQUIPO)
VALUES (15, 20);
INSERT INTO PATROCINADOR_EQUIPO (ID_PATROCINADOR, ID_EQUIPO)
VALUES (69, 20);

/* Patrocinadores equipo 21 */
INSERT INTO PATROCINADOR_EQUIPO (ID_PATROCINADOR, ID_EQUIPO)
VALUES (11, 21);

/* Patrocinadores equipo 22 */
INSERT INTO PATROCINADOR_EQUIPO (ID_PATROCINADOR, ID_EQUIPO)
VALUES (76, 22);

/* Patrocinadores equipo 23 */
INSERT INTO PATROCINADOR_EQUIPO (ID_PATROCINADOR, ID_EQUIPO)
VALUES (46, 23);

/* Patrocinadores equipo 24 */
INSERT INTO PATROCINADOR_EQUIPO (ID_PATROCINADOR, ID_EQUIPO)
VALUES (85, 24);
INSERT INTO PATROCINADOR_EQUIPO (ID_PATROCINADOR, ID_EQUIPO)
VALUES (45, 24);
INSERT INTO PATROCINADOR_EQUIPO (ID_PATROCINADOR, ID_EQUIPO)
VALUES (10, 24);
INSERT INTO PATROCINADOR_EQUIPO (ID_PATROCINADOR, ID_EQUIPO)
VALUES (86, 24);
INSERT INTO PATROCINADOR_EQUIPO (ID_PATROCINADOR, ID_EQUIPO)
VALUES (31, 24);

/* Patrocinadores equipo 25 */
INSERT INTO PATROCINADOR_EQUIPO (ID_PATROCINADOR, ID_EQUIPO)
VALUES (97, 25);

/* Patrocinadores equipo 26 */
INSERT INTO PATROCINADOR_EQUIPO (ID_PATROCINADOR, ID_EQUIPO)
VALUES (93, 26);
INSERT INTO PATROCINADOR_EQUIPO (ID_PATROCINADOR, ID_EQUIPO)
VALUES (9, 26);
INSERT INTO PATROCINADOR_EQUIPO (ID_PATROCINADOR, ID_EQUIPO)
VALUES (100, 26);

/* Patrocinadores equipo 27 */
INSERT INTO PATROCINADOR_EQUIPO (ID_PATROCINADOR, ID_EQUIPO)
VALUES (49, 27);
INSERT INTO PATROCINADOR_EQUIPO (ID_PATROCINADOR, ID_EQUIPO)
VALUES (51, 27);
INSERT INTO PATROCINADOR_EQUIPO (ID_PATROCINADOR, ID_EQUIPO)
VALUES (37, 27);
INSERT INTO PATROCINADOR_EQUIPO (ID_PATROCINADOR, ID_EQUIPO)
VALUES (88, 27);

/* Patrocinadores equipo 28 */
INSERT INTO PATROCINADOR_EQUIPO (ID_PATROCINADOR, ID_EQUIPO)
VALUES (78, 28);
INSERT INTO PATROCINADOR_EQUIPO (ID_PATROCINADOR, ID_EQUIPO)
VALUES (66, 28);
INSERT INTO PATROCINADOR_EQUIPO (ID_PATROCINADOR, ID_EQUIPO)
VALUES (25, 28);
INSERT INTO PATROCINADOR_EQUIPO (ID_PATROCINADOR, ID_EQUIPO)
VALUES (21, 28);
INSERT INTO PATROCINADOR_EQUIPO (ID_PATROCINADOR, ID_EQUIPO)
VALUES (28, 28);

/* Patrocinadores equipo 29 */
INSERT INTO PATROCINADOR_EQUIPO (ID_PATROCINADOR, ID_EQUIPO)
VALUES (94, 29);

/* Patrocinadores equipo 30 */
INSERT INTO PATROCINADOR_EQUIPO (ID_PATROCINADOR, ID_EQUIPO)
VALUES (36, 30);


/* Competiciones */
INSERT INTO COMPETICION (ID_COMPETICION, NOMBRE_COM,
 	FECHA_INICIO, FECHA_FIN, ETAPA, ID_JUEGO, ID_EQUIPO_GANADOR)
VALUES (DEFAULT, 'CS2 MAJOR COPENHAGEN 2024', 
		TO_DATE('17-03-2024', 'DD-MM-YYYY'), 
		TO_DATE('31-03-2024', 'DD-MM-YYYY'), 'A', 3, NULL);


/*Equipo competicion 1*/

INSERT INTO EQUIPO_COMPETICION (ID_EQUIPO, ID_COMPETICION, VICTORIAS, PUNTOS)
VALUES (10, 1, 0, 0);
INSERT INTO EQUIPO_COMPETICION (ID_EQUIPO, ID_COMPETICION, VICTORIAS, PUNTOS)
VALUES (14, 1, 0, 0);
INSERT INTO EQUIPO_COMPETICION (ID_EQUIPO, ID_COMPETICION, VICTORIAS, PUNTOS)
VALUES (20, 1, 0, 0);
INSERT INTO EQUIPO_COMPETICION (ID_EQUIPO, ID_COMPETICION, VICTORIAS, PUNTOS)
VALUES (11, 1, 0, 0);
INSERT INTO EQUIPO_COMPETICION (ID_EQUIPO, ID_COMPETICION, VICTORIAS, PUNTOS)
VALUES (16, 1, 0, 0);
INSERT INTO EQUIPO_COMPETICION (ID_EQUIPO, ID_COMPETICION, VICTORIAS, PUNTOS)
VALUES (18, 1, 0, 0);
INSERT INTO EQUIPO_COMPETICION (ID_EQUIPO, ID_COMPETICION, VICTORIAS, PUNTOS)
VALUES (13, 1, 0, 0);
INSERT INTO EQUIPO_COMPETICION (ID_EQUIPO, ID_COMPETICION, VICTORIAS, PUNTOS)
VALUES (5, 1, 0, 0);
INSERT INTO EQUIPO_COMPETICION (ID_EQUIPO, ID_COMPETICION, VICTORIAS, PUNTOS)
VALUES (7, 1, 0, 0);

/*Jornadas competicion 1*/
INSERT INTO JORNADA (ID_JORNADA, NUM_JORNADA, FECHA_JORNADA, ID_COMPETICION)
VALUES (DEFAULT, 1, TO_DATE('02-05-2024', 'DD-MM-YYYY'), 1);
INSERT INTO JORNADA (ID_JORNADA, NUM_JORNADA, FECHA_JORNADA, ID_COMPETICION)
VALUES (DEFAULT, 2, TO_DATE('09-05-2024', 'DD-MM-YYYY'), 1);
INSERT INTO JORNADA (ID_JORNADA, NUM_JORNADA, FECHA_JORNADA, ID_COMPETICION)
VALUES (DEFAULT, 3, TO_DATE('16-05-2024', 'DD-MM-YYYY'), 1);
INSERT INTO JORNADA (ID_JORNADA, NUM_JORNADA, FECHA_JORNADA, ID_COMPETICION)
VALUES (DEFAULT, 4, TO_DATE('23-05-2024', 'DD-MM-YYYY'), 1);
INSERT INTO JORNADA (ID_JORNADA, NUM_JORNADA, FECHA_JORNADA, ID_COMPETICION)
VALUES (DEFAULT, 5, TO_DATE('30-05-2024', 'DD-MM-YYYY'), 1);
INSERT INTO JORNADA (ID_JORNADA, NUM_JORNADA, FECHA_JORNADA, ID_COMPETICION)
VALUES (DEFAULT, 6, TO_DATE('06-06-2024', 'DD-MM-YYYY'), 1);
INSERT INTO JORNADA (ID_JORNADA, NUM_JORNADA, FECHA_JORNADA, ID_COMPETICION)
VALUES (DEFAULT, 7, TO_DATE('13-06-2024', 'DD-MM-YYYY'), 1);
INSERT INTO JORNADA (ID_JORNADA, NUM_JORNADA, FECHA_JORNADA, ID_COMPETICION)
VALUES (DEFAULT, 8, TO_DATE('20-06-2024', 'DD-MM-YYYY'), 1);
INSERT INTO JORNADA (ID_JORNADA, NUM_JORNADA, FECHA_JORNADA, ID_COMPETICION)
VALUES (DEFAULT, 9, TO_DATE('27-06-2024', 'DD-MM-YYYY'), 1);
INSERT INTO JORNADA (ID_JORNADA, NUM_JORNADA, FECHA_JORNADA, ID_COMPETICION)
VALUES (DEFAULT, 10, TO_DATE('04-07-2024', 'DD-MM-YYYY'), 1);
INSERT INTO JORNADA (ID_JORNADA, NUM_JORNADA, FECHA_JORNADA, ID_COMPETICION)
VALUES (DEFAULT, 11, TO_DATE('11-07-2024', 'DD-MM-YYYY'), 1);
INSERT INTO JORNADA (ID_JORNADA, NUM_JORNADA, FECHA_JORNADA, ID_COMPETICION)
VALUES (DEFAULT, 12, TO_DATE('18-07-2024', 'DD-MM-YYYY'), 1);
INSERT INTO JORNADA (ID_JORNADA, NUM_JORNADA, FECHA_JORNADA, ID_COMPETICION)
VALUES (DEFAULT, 13, TO_DATE('25-07-2024', 'DD-MM-YYYY'), 1);
INSERT INTO JORNADA (ID_JORNADA, NUM_JORNADA, FECHA_JORNADA, ID_COMPETICION)
VALUES (DEFAULT, 14, TO_DATE('01-08-2024', 'DD-MM-YYYY'), 1);
INSERT INTO JORNADA (ID_JORNADA, NUM_JORNADA, FECHA_JORNADA, ID_COMPETICION)
VALUES (DEFAULT, 15, TO_DATE('08-08-2024', 'DD-MM-YYYY'), 1);
INSERT INTO JORNADA (ID_JORNADA, NUM_JORNADA, FECHA_JORNADA, ID_COMPETICION)
VALUES (DEFAULT, 16, TO_DATE('15-08-2024', 'DD-MM-YYYY'), 1);


/*Enfrentamientos competicion 1 */

/*Jornada 1*/
INSERT INTO ENFRENTAMIENTO (ID_ENFRENTAMIENTO, HORA_ENFRENTAMIENTO,
RESULTADO1, RESULTADO2, ID_EQUIPO1, ID_EQUIPO2, ID_JORNADA)
VALUES (DEFAULT, TO_TIMESTAMP('02-05-2024 17:45', 'DD-MM-YYYY HH24:MI'),2,
3, 13, 18, 1);

INSERT INTO ENFRENTAMIENTO (ID_ENFRENTAMIENTO, HORA_ENFRENTAMIENTO,
RESULTADO1, RESULTADO2, ID_EQUIPO1, ID_EQUIPO2, ID_JORNADA)
VALUES (DEFAULT, TO_TIMESTAMP('02-05-2024 10:52', 'DD-MM-YYYY HH24:MI'),
1, 3, 18, 14, 1);

INSERT INTO ENFRENTAMIENTO (ID_ENFRENTAMIENTO, HORA_ENFRENTAMIENTO,
RESULTADO1, RESULTADO2, ID_EQUIPO1, ID_EQUIPO2, ID_JORNADA)
VALUES (DEFAULT, TO_TIMESTAMP('02-05-2024 16:13', 'DD-MM-YYYY HH24:MI'),
1, 3, 20, 10, 1);

INSERT INTO ENFRENTAMIENTO (ID_ENFRENTAMIENTO, HORA_ENFRENTAMIENTO,
RESULTADO1, RESULTADO2, ID_EQUIPO1, ID_EQUIPO2, ID_JORNADA)
VALUES (DEFAULT, TO_TIMESTAMP('02-05-2024 11:21', 'DD-MM-YYYY HH24:MI'),
3, 1, 5, 16, 1);

/*Jornada 2*/
INSERT INTO ENFRENTAMIENTO (ID_ENFRENTAMIENTO, HORA_ENFRENTAMIENTO,
RESULTADO1, RESULTADO2, ID_EQUIPO1, ID_EQUIPO2, ID_JORNADA)
VALUES (DEFAULT, TO_TIMESTAMP('09-05-2024 18:00', 'DD-MM-YYYY HH24:MI')
,2, 1, 13, 7, 2);

INSERT INTO ENFRENTAMIENTO (ID_ENFRENTAMIENTO, HORA_ENFRENTAMIENTO,
RESULTADO1, RESULTADO2, ID_EQUIPO1, ID_EQUIPO2, ID_JORNADA)
VALUES (DEFAULT, TO_TIMESTAMP('09-05-2024 17:12', 'DD-MM-YYYY HH24:MI'),
3, 2, 10, 13, 2);

INSERT INTO ENFRENTAMIENTO (ID_ENFRENTAMIENTO, HORA_ENFRENTAMIENTO,
RESULTADO1, RESULTADO2, ID_EQUIPO1, ID_EQUIPO2, ID_JORNADA)
VALUES (DEFAULT, TO_TIMESTAMP('09-05-2024 12:48', 'DD-MM-YYYY HH24:MI'),
3, 1, 10, 5, 2);

INSERT INTO ENFRENTAMIENTO (ID_ENFRENTAMIENTO, HORA_ENFRENTAMIENTO,
RESULTADO1, RESULTADO2, ID_EQUIPO1, ID_EQUIPO2, ID_JORNADA)
VALUES (DEFAULT, TO_TIMESTAMP('09-05-2024 11:33', 'DD-MM-YYYY HH24:MI')
,2, 1, 18, 20, 2);

/*Jornada 3*/
INSERT INTO ENFRENTAMIENTO (ID_ENFRENTAMIENTO, HORA_ENFRENTAMIENTO,
RESULTADO1, RESULTADO2, ID_EQUIPO1, ID_EQUIPO2, ID_JORNADA)
VALUES (DEFAULT, TO_TIMESTAMP('16-05-2024 18:14', 'DD-MM-YYYY HH24:MI'),
3, 1, 14, 16, 3);

INSERT INTO ENFRENTAMIENTO (ID_ENFRENTAMIENTO, HORA_ENFRENTAMIENTO,
RESULTADO1, RESULTADO2, ID_EQUIPO1, ID_EQUIPO2, ID_JORNADA)
VALUES (DEFAULT, TO_TIMESTAMP('16-05-2024 18:41', 'DD-MM-YYYY HH24:MI')
,2, 1, 18, 16, 3);

INSERT INTO ENFRENTAMIENTO (ID_ENFRENTAMIENTO, HORA_ENFRENTAMIENTO,
RESULTADO1, RESULTADO2, ID_EQUIPO1, ID_EQUIPO2, ID_JORNADA)
VALUES (DEFAULT, TO_TIMESTAMP('16-05-2024 13:31', 'DD-MM-YYYY HH24:MI'),
3, 1, 7, 11, 3);

INSERT INTO ENFRENTAMIENTO (ID_ENFRENTAMIENTO, HORA_ENFRENTAMIENTO,
RESULTADO1, RESULTADO2, ID_EQUIPO1, ID_EQUIPO2, ID_JORNADA)
VALUES (DEFAULT, TO_TIMESTAMP('16-05-2024 10:12', 'DD-MM-YYYY HH24:MI'),
2, 3, 10, 14, 3);

/*Jornada 4*/
INSERT INTO ENFRENTAMIENTO (ID_ENFRENTAMIENTO, HORA_ENFRENTAMIENTO,
RESULTADO1, RESULTADO2, ID_EQUIPO1, ID_EQUIPO2, ID_JORNADA)
VALUES (DEFAULT, TO_TIMESTAMP('23-05-2024 13:41', 'DD-MM-YYYY HH24:MI'),
2, 3, 18, 11, 4);

INSERT INTO ENFRENTAMIENTO (ID_ENFRENTAMIENTO, HORA_ENFRENTAMIENTO,
RESULTADO1, RESULTADO2, ID_EQUIPO1, ID_EQUIPO2, ID_JORNADA)
VALUES (DEFAULT, TO_TIMESTAMP('23-05-2024 18:50', 'DD-MM-YYYY HH24:MI'),
3, 1, 7, 10, 4);

INSERT INTO ENFRENTAMIENTO (ID_ENFRENTAMIENTO, HORA_ENFRENTAMIENTO,
RESULTADO1, RESULTADO2, ID_EQUIPO1, ID_EQUIPO2, ID_JORNADA)
VALUES (DEFAULT, TO_TIMESTAMP('23-05-2024 14:27', 'DD-MM-YYYY HH24:MI'),
1, 2, 10, 7, 4);

INSERT INTO ENFRENTAMIENTO (ID_ENFRENTAMIENTO, HORA_ENFRENTAMIENTO,
RESULTADO1, RESULTADO2, ID_EQUIPO1, ID_EQUIPO2, ID_JORNADA)
VALUES (DEFAULT, TO_TIMESTAMP('23-05-2024 16:34', 'DD-MM-YYYY HH24:MI'),
1, 3, 16, 14, 4);

/*Jornada 5*/
INSERT INTO ENFRENTAMIENTO (ID_ENFRENTAMIENTO, HORA_ENFRENTAMIENTO,
RESULTADO1, RESULTADO2, ID_EQUIPO1, ID_EQUIPO2, ID_JORNADA)
VALUES (DEFAULT, TO_TIMESTAMP('30-05-2024 14:58', 'DD-MM-YYYY HH24:MI'),
2, 1, 7, 14, 5);

INSERT INTO ENFRENTAMIENTO (ID_ENFRENTAMIENTO, HORA_ENFRENTAMIENTO,
RESULTADO1, RESULTADO2, ID_EQUIPO1, ID_EQUIPO2, ID_JORNADA)
VALUES (DEFAULT, TO_TIMESTAMP('30-05-2024 10:14', 'DD-MM-YYYY HH24:MI'),
3, 1, 7, 18, 5);

INSERT INTO ENFRENTAMIENTO (ID_ENFRENTAMIENTO, HORA_ENFRENTAMIENTO,
RESULTADO1, RESULTADO2, ID_EQUIPO1, ID_EQUIPO2, ID_JORNADA)
VALUES (DEFAULT, TO_TIMESTAMP('30-05-2024 15:40', 'DD-MM-YYYY HH24:MI'),
3, 1, 11, 7, 5);

INSERT INTO ENFRENTAMIENTO (ID_ENFRENTAMIENTO, HORA_ENFRENTAMIENTO,
RESULTADO1, RESULTADO2, ID_EQUIPO1, ID_EQUIPO2, ID_JORNADA)
VALUES (DEFAULT, TO_TIMESTAMP('30-05-2024 15:48', 'DD-MM-YYYY HH24:MI'),
1, 3, 5, 13, 5);

/*Jornada 6*/
INSERT INTO ENFRENTAMIENTO (ID_ENFRENTAMIENTO, HORA_ENFRENTAMIENTO,
RESULTADO1, RESULTADO2, ID_EQUIPO1, ID_EQUIPO2, ID_JORNADA)
VALUES (DEFAULT, TO_TIMESTAMP('06-06-2024 16:55', 'DD-MM-YYYY HH24:MI'),
2, 3, 18, 16, 6);

INSERT INTO ENFRENTAMIENTO (ID_ENFRENTAMIENTO, HORA_ENFRENTAMIENTO,
RESULTADO1, RESULTADO2, ID_EQUIPO1, ID_EQUIPO2, ID_JORNADA)
VALUES (DEFAULT, TO_TIMESTAMP('06-06-2024 12:06', 'DD-MM-YYYY HH24:MI'),
3, 1, 7, 18, 6);

INSERT INTO ENFRENTAMIENTO (ID_ENFRENTAMIENTO, HORA_ENFRENTAMIENTO,
RESULTADO1, RESULTADO2, ID_EQUIPO1, ID_EQUIPO2, ID_JORNADA)
VALUES (DEFAULT, TO_TIMESTAMP('06-06-2024 18:52', 'DD-MM-YYYY HH24:MI'),
1, 2, 7, 5, 6);

INSERT INTO ENFRENTAMIENTO (ID_ENFRENTAMIENTO, HORA_ENFRENTAMIENTO,
RESULTADO1, RESULTADO2, ID_EQUIPO1, ID_EQUIPO2, ID_JORNADA)
VALUES (DEFAULT, TO_TIMESTAMP('06-06-2024 11:03', 'DD-MM-YYYY HH24:MI'),
1, 2, 16, 10, 6);

/*Jornada 7*/
INSERT INTO ENFRENTAMIENTO (ID_ENFRENTAMIENTO, HORA_ENFRENTAMIENTO,
RESULTADO1, RESULTADO2, ID_EQUIPO1, ID_EQUIPO2, ID_JORNADA)
VALUES (DEFAULT, TO_TIMESTAMP('13-06-2024 18:20', 'DD-MM-YYYY HH24:MI'),
1, 2, 10, 13, 7);

INSERT INTO ENFRENTAMIENTO (ID_ENFRENTAMIENTO, HORA_ENFRENTAMIENTO,
RESULTADO1, RESULTADO2, ID_EQUIPO1, ID_EQUIPO2, ID_JORNADA)
VALUES (DEFAULT, TO_TIMESTAMP('13-06-2024 12:29', 'DD-MM-YYYY HH24:MI'),
2, 3, 11, 5, 7);

INSERT INTO ENFRENTAMIENTO (ID_ENFRENTAMIENTO, HORA_ENFRENTAMIENTO,
RESULTADO1, RESULTADO2, ID_EQUIPO1, ID_EQUIPO2, ID_JORNADA)
VALUES (DEFAULT, TO_TIMESTAMP('13-06-2024 16:35', 'DD-MM-YYYY HH24:MI'),
2, 3, 10, 16, 7);

INSERT INTO ENFRENTAMIENTO (ID_ENFRENTAMIENTO, HORA_ENFRENTAMIENTO,
RESULTADO1, RESULTADO2, ID_EQUIPO1, ID_EQUIPO2, ID_JORNADA)
VALUES (DEFAULT, TO_TIMESTAMP('13-06-2024 10:53', 'DD-MM-YYYY HH24:MI'),
3, 1, 18, 14, 7);

/*Jornada 8*/
INSERT INTO ENFRENTAMIENTO (ID_ENFRENTAMIENTO, HORA_ENFRENTAMIENTO,
RESULTADO1, RESULTADO2, ID_EQUIPO1, ID_EQUIPO2, ID_JORNADA)
VALUES (DEFAULT, TO_TIMESTAMP('20-06-2024 10:38', 'DD-MM-YYYY HH24:MI'),
3, 1, 14, 18, 8);

INSERT INTO ENFRENTAMIENTO (ID_ENFRENTAMIENTO, HORA_ENFRENTAMIENTO,
RESULTADO1, RESULTADO2, ID_EQUIPO1, ID_EQUIPO2, ID_JORNADA)
VALUES (DEFAULT, TO_TIMESTAMP('20-06-2024 17:28', 'DD-MM-YYYY HH24:MI'),
1, 3, 18, 11, 8);

INSERT INTO ENFRENTAMIENTO (ID_ENFRENTAMIENTO, HORA_ENFRENTAMIENTO,
RESULTADO1, RESULTADO2, ID_EQUIPO1, ID_EQUIPO2, ID_JORNADA)
VALUES (DEFAULT, TO_TIMESTAMP('20-06-2024 16:29', 'DD-MM-YYYY HH24:MI'),
2, 1, 16, 14, 8);

INSERT INTO ENFRENTAMIENTO (ID_ENFRENTAMIENTO, HORA_ENFRENTAMIENTO,
RESULTADO1, RESULTADO2, ID_EQUIPO1, ID_EQUIPO2, ID_JORNADA)
VALUES (DEFAULT, TO_TIMESTAMP('20-06-2024 14:45', 'DD-MM-YYYY HH24:MI'),
1, 2, 13, 20, 8);

/*Jornada 9*/
INSERT INTO ENFRENTAMIENTO (ID_ENFRENTAMIENTO, HORA_ENFRENTAMIENTO,
RESULTADO1, RESULTADO2, ID_EQUIPO1, ID_EQUIPO2, ID_JORNADA)
VALUES (DEFAULT, TO_TIMESTAMP('27-06-2024 13:21', 'DD-MM-YYYY HH24:MI'),
2, 3, 7, 13, 9);

INSERT INTO ENFRENTAMIENTO (ID_ENFRENTAMIENTO, HORA_ENFRENTAMIENTO,
RESULTADO1, RESULTADO2, ID_EQUIPO1, ID_EQUIPO2, ID_JORNADA)
VALUES (DEFAULT, TO_TIMESTAMP('27-06-2024 14:54', 'DD-MM-YYYY HH24:MI'),
2, 3, 20, 18, 9);

INSERT INTO ENFRENTAMIENTO (ID_ENFRENTAMIENTO, HORA_ENFRENTAMIENTO,
RESULTADO1, RESULTADO2, ID_EQUIPO1, ID_EQUIPO2, ID_JORNADA)
VALUES (DEFAULT, TO_TIMESTAMP('27-06-2024 18:55', 'DD-MM-YYYY HH24:MI'),
3, 1, 13, 7, 9);

INSERT INTO ENFRENTAMIENTO (ID_ENFRENTAMIENTO, HORA_ENFRENTAMIENTO,
RESULTADO1, RESULTADO2, ID_EQUIPO1, ID_EQUIPO2, ID_JORNADA)
VALUES (DEFAULT, TO_TIMESTAMP('27-06-2024 13:33', 'DD-MM-YYYY HH24:MI'),
2, 3, 10, 14, 9);

/*Jornada 10*/
INSERT INTO ENFRENTAMIENTO (ID_ENFRENTAMIENTO, HORA_ENFRENTAMIENTO,
RESULTADO1, RESULTADO2, ID_EQUIPO1, ID_EQUIPO2, ID_JORNADA)
VALUES (DEFAULT, TO_TIMESTAMP('04-07-2024 16:35', 'DD-MM-YYYY HH24:MI'),
3, 1, 5, 7, 10);

INSERT INTO ENFRENTAMIENTO (ID_ENFRENTAMIENTO, HORA_ENFRENTAMIENTO,
RESULTADO1, RESULTADO2, ID_EQUIPO1, ID_EQUIPO2, ID_JORNADA)
VALUES (DEFAULT, TO_TIMESTAMP('04-07-2024 11:05', 'DD-MM-YYYY HH24:MI'),
1, 2, 20, 5, 10);

INSERT INTO ENFRENTAMIENTO (ID_ENFRENTAMIENTO, HORA_ENFRENTAMIENTO,
RESULTADO1, RESULTADO2, ID_EQUIPO1, ID_EQUIPO2, ID_JORNADA)
VALUES (DEFAULT, TO_TIMESTAMP('04-07-2024 17:52', 'DD-MM-YYYY HH24:MI'),
1, 2, 7, 11, 10);

INSERT INTO ENFRENTAMIENTO (ID_ENFRENTAMIENTO, HORA_ENFRENTAMIENTO,
RESULTADO1, RESULTADO2, ID_EQUIPO1, ID_EQUIPO2, ID_JORNADA)
VALUES (DEFAULT, TO_TIMESTAMP('04-07-2024 10:18', 'DD-MM-YYYY HH24:MI'),
2, 3, 5, 11, 10);

/*Jornada 11*/
INSERT INTO ENFRENTAMIENTO (ID_ENFRENTAMIENTO, HORA_ENFRENTAMIENTO,
RESULTADO1, RESULTADO2, ID_EQUIPO1, ID_EQUIPO2, ID_JORNADA)
VALUES (DEFAULT, TO_TIMESTAMP('11-07-2024 10:10', 'DD-MM-YYYY HH24:MI'),
1, 2, 5, 20, 11);

INSERT INTO ENFRENTAMIENTO (ID_ENFRENTAMIENTO, HORA_ENFRENTAMIENTO,
RESULTADO1, RESULTADO2, ID_EQUIPO1, ID_EQUIPO2, ID_JORNADA)
VALUES (DEFAULT, TO_TIMESTAMP('11-07-2024 14:02', 'DD-MM-YYYY HH24:MI'),
1, 2, 5, 14, 11);

INSERT INTO ENFRENTAMIENTO (ID_ENFRENTAMIENTO, HORA_ENFRENTAMIENTO,
RESULTADO1, RESULTADO2, ID_EQUIPO1, ID_EQUIPO2, ID_JORNADA)
VALUES (DEFAULT, TO_TIMESTAMP('11-07-2024 17:26', 'DD-MM-YYYY HH24:MI'),
2, 3, 14, 18, 11);

INSERT INTO ENFRENTAMIENTO (ID_ENFRENTAMIENTO, HORA_ENFRENTAMIENTO,
RESULTADO1, RESULTADO2, ID_EQUIPO1, ID_EQUIPO2, ID_JORNADA)
VALUES (DEFAULT, TO_TIMESTAMP('11-07-2024 10:04', 'DD-MM-YYYY HH24:MI'),
1, 3, 20, 7, 11);

/*Jornada 12*/
INSERT INTO ENFRENTAMIENTO (ID_ENFRENTAMIENTO, HORA_ENFRENTAMIENTO,
RESULTADO1, RESULTADO2, ID_EQUIPO1, ID_EQUIPO2, ID_JORNADA)
VALUES (DEFAULT, TO_TIMESTAMP('18-07-2024 15:42', 'DD-MM-YYYY HH24:MI'),
1, 3, 18, 14, 12);

INSERT INTO ENFRENTAMIENTO (ID_ENFRENTAMIENTO, HORA_ENFRENTAMIENTO,
RESULTADO1, RESULTADO2, ID_EQUIPO1, ID_EQUIPO2, ID_JORNADA)
VALUES (DEFAULT, TO_TIMESTAMP('18-07-2024 12:35', 'DD-MM-YYYY HH24:MI'),
2, 1, 10, 16, 12);

INSERT INTO ENFRENTAMIENTO (ID_ENFRENTAMIENTO, HORA_ENFRENTAMIENTO,
RESULTADO1, RESULTADO2, ID_EQUIPO1, ID_EQUIPO2, ID_JORNADA)
VALUES (DEFAULT, TO_TIMESTAMP('18-07-2024 17:14', 'DD-MM-YYYY HH24:MI'),
2, 3, 10, 20, 12);

INSERT INTO ENFRENTAMIENTO (ID_ENFRENTAMIENTO, HORA_ENFRENTAMIENTO,
RESULTADO1, RESULTADO2, ID_EQUIPO1, ID_EQUIPO2, ID_JORNADA)
VALUES (DEFAULT, TO_TIMESTAMP('18-07-2024 10:38', 'DD-MM-YYYY HH24:MI'),
2, 1, 7, 10, 12);

/*Jornada 13*/
INSERT INTO ENFRENTAMIENTO (ID_ENFRENTAMIENTO, HORA_ENFRENTAMIENTO,
RESULTADO1, RESULTADO2, ID_EQUIPO1, ID_EQUIPO2, ID_JORNADA)
VALUES (DEFAULT, TO_TIMESTAMP('25-07-2024 12:50', 'DD-MM-YYYY HH24:MI'),
3, 2, 10, 20, 13);

INSERT INTO ENFRENTAMIENTO (ID_ENFRENTAMIENTO, HORA_ENFRENTAMIENTO,
RESULTADO1, RESULTADO2, ID_EQUIPO1, ID_EQUIPO2, ID_JORNADA)
VALUES (DEFAULT, TO_TIMESTAMP('25-07-2024 13:33', 'DD-MM-YYYY HH24:MI'),
2, 1, 16, 20, 13);

INSERT INTO ENFRENTAMIENTO (ID_ENFRENTAMIENTO, HORA_ENFRENTAMIENTO,
RESULTADO1, RESULTADO2, ID_EQUIPO1, ID_EQUIPO2, ID_JORNADA)
VALUES (DEFAULT, TO_TIMESTAMP('25-07-2024 16:30', 'DD-MM-YYYY HH24:MI'),
3, 2, 11, 10, 13);

INSERT INTO ENFRENTAMIENTO (ID_ENFRENTAMIENTO, HORA_ENFRENTAMIENTO,
RESULTADO1, RESULTADO2, ID_EQUIPO1, ID_EQUIPO2, ID_JORNADA)
VALUES (DEFAULT, TO_TIMESTAMP('25-07-2024 16:18', 'DD-MM-YYYY HH24:MI'),
2, 1, 13, 16, 13);

/*Jornada 14*/
INSERT INTO ENFRENTAMIENTO (ID_ENFRENTAMIENTO, HORA_ENFRENTAMIENTO,
RESULTADO1, RESULTADO2, ID_EQUIPO1, ID_EQUIPO2, ID_JORNADA)
VALUES (DEFAULT, TO_TIMESTAMP('01-08-2024 18:16', 'DD-MM-YYYY HH24:MI'),
2, 3, 18, 11, 14);

INSERT INTO ENFRENTAMIENTO (ID_ENFRENTAMIENTO, HORA_ENFRENTAMIENTO,
RESULTADO1, RESULTADO2, ID_EQUIPO1, ID_EQUIPO2, ID_JORNADA)
VALUES (DEFAULT, TO_TIMESTAMP('01-08-2024 18:17', 'DD-MM-YYYY HH24:MI'),
1, 3, 10, 16, 14);

INSERT INTO ENFRENTAMIENTO (ID_ENFRENTAMIENTO, HORA_ENFRENTAMIENTO,
RESULTADO1, RESULTADO2, ID_EQUIPO1, ID_EQUIPO2, ID_JORNADA)
VALUES (DEFAULT, TO_TIMESTAMP('01-08-2024 15:43', 'DD-MM-YYYY HH24:MI'),
2, 3, 11, 16, 14);

INSERT INTO ENFRENTAMIENTO (ID_ENFRENTAMIENTO, HORA_ENFRENTAMIENTO,
RESULTADO1, RESULTADO2, ID_EQUIPO1, ID_EQUIPO2, ID_JORNADA)
VALUES (DEFAULT, TO_TIMESTAMP('01-08-2024 18:31', 'DD-MM-YYYY HH24:MI'),
1, 2, 7, 5, 14);

/*Jornada 15*/
INSERT INTO ENFRENTAMIENTO (ID_ENFRENTAMIENTO, HORA_ENFRENTAMIENTO,
RESULTADO1, RESULTADO2, ID_EQUIPO1, ID_EQUIPO2, ID_JORNADA)
VALUES (DEFAULT, TO_TIMESTAMP('08-08-2024 12:04', 'DD-MM-YYYY HH24:MI'),
1, 3, 13, 16, 15);

INSERT INTO ENFRENTAMIENTO (ID_ENFRENTAMIENTO, HORA_ENFRENTAMIENTO,
RESULTADO1, RESULTADO2, ID_EQUIPO1, ID_EQUIPO2, ID_JORNADA)
VALUES (DEFAULT, TO_TIMESTAMP('08-08-2024 15:48', 'DD-MM-YYYY HH24:MI'),
2, 3, 18, 5, 15);

INSERT INTO ENFRENTAMIENTO (ID_ENFRENTAMIENTO, HORA_ENFRENTAMIENTO,
RESULTADO1, RESULTADO2, ID_EQUIPO1, ID_EQUIPO2, ID_JORNADA)
VALUES (DEFAULT, TO_TIMESTAMP('08-08-2024 15:35', 'DD-MM-YYYY HH24:MI'),
2, 3, 11, 14, 15);

INSERT INTO ENFRENTAMIENTO (ID_ENFRENTAMIENTO, HORA_ENFRENTAMIENTO,
RESULTADO1, RESULTADO2, ID_EQUIPO1, ID_EQUIPO2, ID_JORNADA)
VALUES (DEFAULT, TO_TIMESTAMP('08-08-2024 18:35', 'DD-MM-YYYY HH24:MI'),
3, 2, 20, 18, 15);

/*Jornada 16*/
INSERT INTO ENFRENTAMIENTO (ID_ENFRENTAMIENTO, HORA_ENFRENTAMIENTO,
RESULTADO1, RESULTADO2, ID_EQUIPO1, ID_EQUIPO2, ID_JORNADA)
VALUES (DEFAULT, TO_TIMESTAMP('15-08-2024 18:33', 'DD-MM-YYYY HH24:MI'),
1, 3, 13, 14, 16);

INSERT INTO ENFRENTAMIENTO (ID_ENFRENTAMIENTO, HORA_ENFRENTAMIENTO,
RESULTADO1, RESULTADO2, ID_EQUIPO1, ID_EQUIPO2, ID_JORNADA)
VALUES (DEFAULT, TO_TIMESTAMP('15-08-2024 12:53', 'DD-MM-YYYY HH24:MI'),
3, 2, 16, 20, 16);

INSERT INTO ENFRENTAMIENTO (ID_ENFRENTAMIENTO, HORA_ENFRENTAMIENTO,
RESULTADO1, RESULTADO2, ID_EQUIPO1, ID_EQUIPO2, ID_JORNADA)
VALUES (DEFAULT, TO_TIMESTAMP('15-08-2024 18:50', 'DD-MM-YYYY HH24:MI'),
3, 2, 16, 18, 16);

INSERT INTO ENFRENTAMIENTO (ID_ENFRENTAMIENTO, HORA_ENFRENTAMIENTO,
RESULTADO1, RESULTADO2, ID_EQUIPO1, ID_EQUIPO2, ID_JORNADA)
VALUES (DEFAULT, TO_TIMESTAMP('15-08-2024 16:35', 'DD-MM-YYYY HH24:MI'),
2, 1, 7, 10, 16);
